[RacingEnv] Raceline(name='LVMS_23_01_04_A_fastest_lap', vertices=1225, length=2449.0m, mean_vx=51.8, max_vx=53.8)
Config: /Users/ethan/Documents/GitHub/edgar_project/EDGAR/deep_dynamics/rl/configs/default.yaml
Training: max_episodes=3000  obs_dim=27 action_dim=2 buffer=1000000 random_steps=3000
ep     1  steps     157  R    2805.06  len  157  laps 0  max_vx 31.10
ep     2  steps     266  R    3522.49  len  109  laps 0  max_vx 29.15
ep     3  steps     450  R    5926.22  len  184  laps 0  max_vx 30.18
ep     4  steps     571  R    3545.85  len  121  laps 0  max_vx 29.06
ep     5  steps     707  R    2867.50  len  136  laps 0  max_vx 29.29
ep     6  steps     814  R    2118.91  len  107  laps 0  max_vx 28.34
ep     7  steps     914  R    2848.22  len  100  laps 0  max_vx 27.12
ep     8  steps     986  R    1630.81  len   72  laps 0  max_vx 27.57
ep     9  steps    1113  R    4347.91  len  127  laps 0  max_vx 29.21
ep    10  steps    1294  R    4299.95  len  181  laps 0  max_vx 32.47
ep    11  steps    1417  R     363.64  len  123  laps 0  max_vx 27.67
ep    12  steps    1512  R     585.63  len   95  laps 0  max_vx 27.54
ep    13  steps    1627  R    1787.19  len  115  laps 0  max_vx 28.32
ep    14  steps    1698  R     773.53  len   71  laps 0  max_vx 28.52
ep    15  steps    1776  R    2610.12  len   78  laps 0  max_vx 26.88
ep    16  steps    1885  R    3210.05  len  109  laps 0  max_vx 28.93
ep    17  steps    1974  R    2912.62  len   89  laps 0  max_vx 27.74
ep    18  steps    2087  R    2488.29  len  113  laps 0  max_vx 31.05
ep    19  steps    2164  R     876.48  len   77  laps 0  max_vx 27.70
ep    20  steps    2316  R    4058.48  len  152  laps 0  max_vx 29.38
ep    21  steps    2534  R    6838.22  len  218  laps 0  max_vx 32.86
ep    22  steps    2638  R    2959.32  len  104  laps 0  max_vx 27.72
ep    23  steps    2809  R    5607.07  len  171  laps 0  max_vx 30.83
ep    24  steps    2906  R    1658.25  len   97  laps 0  max_vx 28.89
ep    25  steps    3015  R    2291.48  len  109  laps 0  max_vx 29.95
ep    26  steps    3168  R    3041.76  len  153  laps 0  max_vx 35.15
ep    27  steps    3287  R    3120.40  len  119  laps 0  max_vx 30.68
ep    28  steps    3368  R     629.83  len   81  laps 0  max_vx 28.58
ep    29  steps    3457  R    1781.12  len   89  laps 0  max_vx 29.89
ep    30  steps    3589  R    2074.00  len  132  laps 0  max_vx 33.00
ep    31  steps    3668  R     963.19  len   79  laps 0  max_vx 27.43
ep    32  steps    3767  R    1667.08  len   99  laps 0  max_vx 28.97
ep    33  steps    3852  R    1254.53  len   85  laps 0  max_vx 28.79
ep    34  steps    3932  R     950.55  len   80  laps 0  max_vx 27.48
ep    35  steps    4006  R     613.25  len   74  laps 0  max_vx 26.49
ep    36  steps    4229  R    5781.22  len  223  laps 0  max_vx 31.87
ep    37  steps    4310  R     749.03  len   81  laps 0  max_vx 27.50
ep    38  steps    4774  R   10597.13  len  464  laps 0  max_vx 37.49
ep    39  steps    4874  R    2703.46  len  100  laps 1  max_vx 28.06
ep    40  steps    5005  R     590.93  len  131  laps 0  max_vx 28.99
ep    41  steps    5102  R    1270.21  len   97  laps 0  max_vx 28.74
ep    42  steps    5173  R    1041.20  len   71  laps 0  max_vx 27.10
ep    43  steps    5300  R    1080.71  len  127  laps 0  max_vx 27.19
ep    44  steps    5387  R     821.71  len   87  laps 0  max_vx 27.56
ep    45  steps    5518  R    4237.87  len  131  laps 0  max_vx 27.59
ep    46  steps    5611  R    1227.72  len   93  laps 0  max_vx 27.92
ep    47  steps    5679  R     814.89  len   68  laps 0  max_vx 26.54
ep    48  steps    5762  R     503.94  len   83  laps 0  max_vx 26.66
ep    49  steps    5845  R     957.75  len   83  laps 0  max_vx 27.21
ep    50  steps    5967  R    2200.81  len  122  laps 0  max_vx 28.69
  eval  R 939.61  len 66  max_vx 28.54  laps 0
ep    51  steps    6064  R    1609.80  len   97  laps 0  max_vx 28.91
ep    52  steps    6164  R    2312.92  len  100  laps 1  max_vx 27.32
ep    53  steps    6271  R    1925.06  len  107  laps 0  max_vx 28.69
ep    54  steps    6417  R    4028.39  len  146  laps 0  max_vx 28.76
ep    55  steps    6568  R    4564.87  len  151  laps 1  max_vx 30.51
ep    56  steps    6822  R    6512.04  len  254  laps 0  max_vx 34.06
ep    57  steps    6955  R    2324.75  len  133  laps 0  max_vx 28.90
ep    58  steps    7097  R    2659.66  len  142  laps 0  max_vx 29.04
ep    59  steps    7249  R    3320.02  len  152  laps 0  max_vx 31.26
ep    60  steps    7325  R     656.53  len   76  laps 0  max_vx 27.99
ep    61  steps    7534  R    3076.40  len  209  laps 0  max_vx 33.25
ep    62  steps    7623  R    2329.12  len   89  laps 0  max_vx 26.55
ep    63  steps    7692  R    1954.49  len   69  laps 0  max_vx 26.71
ep    64  steps    7843  R    3011.39  len  151  laps 0  max_vx 30.96
ep    65  steps    7953  R     286.04  len  110  laps 0  max_vx 27.91
ep    66  steps    8022  R    2024.97  len   69  laps 0  max_vx 26.40
ep    67  steps    8167  R    3750.46  len  145  laps 0  max_vx 30.32
ep    68  steps    8312  R     686.92  len  145  laps 0  max_vx 28.93
ep    69  steps    8546  R    6126.47  len  234  laps 0  max_vx 36.07
ep    70  steps    8645  R     636.30  len   99  laps 0  max_vx 29.30
ep    71  steps    8759  R    3113.87  len  114  laps 1  max_vx 27.83
ep    72  steps    8890  R    3288.53  len  131  laps 1  max_vx 28.25
ep    73  steps    8979  R    1198.20  len   89  laps 0  max_vx 28.76
ep    74  steps    9053  R     365.57  len   74  laps 0  max_vx 27.55
ep    75  steps    9135  R     607.11  len   82  laps 0  max_vx 28.00
ep    76  steps    9231  R     892.22  len   96  laps 0  max_vx 27.65
ep    77  steps    9363  R     813.85  len  132  laps 0  max_vx 28.61
ep    78  steps    9433  R    1486.07  len   70  laps 0  max_vx 26.80
ep    79  steps    9519  R     892.63  len   86  laps 0  max_vx 27.56
ep    80  steps    9577  R    1897.67  len   58  laps 0  max_vx 25.84
ep    81  steps    9648  R    2655.69  len   71  laps 0  max_vx 27.18
ep    82  steps    9751  R    2397.39  len  103  laps 0  max_vx 26.92
ep    83  steps    9814  R    1285.78  len   63  laps 0  max_vx 25.91
ep    84  steps    9902  R     299.59  len   88  laps 0  max_vx 26.73
ep    85  steps   10001  R    2462.96  len   99  laps 0  max_vx 27.16
ep    86  steps   10081  R    1943.76  len   80  laps 0  max_vx 27.05
ep    87  steps   10239  R   -1828.43  len  158  laps 0  max_vx 28.84
ep    88  steps   10359  R    1961.91  len  120  laps 0  max_vx 29.25
ep    89  steps   10564  R    5818.15  len  205  laps 0  max_vx 37.23
ep    90  steps   10640  R     402.36  len   76  laps 0  max_vx 27.40
ep    91  steps   10716  R    1641.73  len   76  laps 0  max_vx 26.42
ep    92  steps   10877  R    3889.30  len  161  laps 0  max_vx 33.29
ep    93  steps   10971  R    2317.12  len   94  laps 0  max_vx 26.85
ep    94  steps   11064  R    1049.28  len   93  laps 0  max_vx 27.45
ep    95  steps   11237  R    3757.78  len  173  laps 0  max_vx 29.94
ep    96  steps   11335  R     899.94  len   98  laps 0  max_vx 27.17
ep    97  steps   11564  R    4731.30  len  229  laps 0  max_vx 33.35
ep    98  steps   11770  R    6499.05  len  206  laps 0  max_vx 33.58
ep    99  steps   11860  R    2567.20  len   90  laps 0  max_vx 28.65
ep   100  steps   11925  R    1885.05  len   65  laps 0  max_vx 26.47
  eval  R 1040.18  len 75  max_vx 28.28  laps 0
ep   101  steps   12044  R    2307.61  len  119  laps 0  max_vx 28.64
ep   102  steps   12133  R    2799.18  len   89  laps 0  max_vx 29.21
ep   103  steps   12201  R     705.77  len   68  laps 0  max_vx 26.36
ep   104  steps   12371  R    3007.99  len  170  laps 0  max_vx 31.19
ep   105  steps   12448  R    1719.44  len   77  laps 0  max_vx 27.44
ep   106  steps   12524  R     851.95  len   76  laps 0  max_vx 26.59
ep   107  steps   12596  R     832.60  len   72  laps 0  max_vx 27.79
ep   108  steps   12700  R    3561.96  len  104  laps 0  max_vx 27.87
ep   109  steps   12770  R     773.24  len   70  laps 0  max_vx 26.47
ep   110  steps   12915  R    1627.08  len  145  laps 0  max_vx 28.69
ep   111  steps   13071  R    2001.59  len  156  laps 0  max_vx 29.68
ep   112  steps   13180  R     684.52  len  109  laps 0  max_vx 27.23
ep   113  steps   13299  R    2977.38  len  119  laps 0  max_vx 29.03
ep   114  steps   13379  R     964.23  len   80  laps 0  max_vx 29.52
ep   115  steps   13464  R     593.39  len   85  laps 0  max_vx 26.77
ep   116  steps   13649  R    3920.17  len  185  laps 0  max_vx 31.43
ep   117  steps   13715  R     621.05  len   66  laps 0  max_vx 26.34
ep   118  steps   13927  R    4551.82  len  212  laps 0  max_vx 34.69
ep   119  steps   14018  R    2115.44  len   91  laps 0  max_vx 28.23
ep   120  steps   14101  R    1645.03  len   83  laps 0  max_vx 27.01
ep   121  steps   14177  R    1606.67  len   76  laps 0  max_vx 27.33
ep   122  steps   14302  R    2311.54  len  125  laps 0  max_vx 29.82
ep   123  steps   14395  R     982.42  len   93  laps 0  max_vx 27.84
ep   124  steps   14507  R    1501.42  len  112  laps 0  max_vx 28.06
ep   125  steps   14602  R    2150.46  len   95  laps 0  max_vx 27.83
ep   126  steps   14713  R    2819.89  len  111  laps 0  max_vx 27.87
ep   127  steps   14787  R     727.64  len   74  laps 0  max_vx 27.53
ep   128  steps   15000  R    6544.52  len  213  laps 0  max_vx 34.94
ep   129  steps   15067  R     757.46  len   67  laps 0  max_vx 26.82
ep   130  steps   15240  R    3088.17  len  173  laps 0  max_vx 30.45
ep   131  steps   15383  R    2157.13  len  143  laps 0  max_vx 29.70
ep   132  steps   15475  R    3294.41  len   92  laps 0  max_vx 26.72
ep   133  steps   15565  R    1385.94  len   90  laps 0  max_vx 28.49
ep   134  steps   15633  R    2257.84  len   68  laps 0  max_vx 26.68
ep   135  steps   15740  R    1393.96  len  107  laps 0  max_vx 28.74
ep   136  steps   15835  R    2506.04  len   95  laps 1  max_vx 27.67
ep   137  steps   15941  R    1378.97  len  106  laps 0  max_vx 28.66
ep   138  steps   16047  R     437.66  len  106  laps 0  max_vx 27.98
ep   139  steps   16124  R    1991.68  len   77  laps 0  max_vx 26.74
ep   140  steps   16281  R    1567.37  len  157  laps 0  max_vx 31.03
ep   141  steps   16388  R    2901.37  len  107  laps 0  max_vx 27.76
ep   142  steps   16491  R    1574.36  len  103  laps 0  max_vx 28.56
ep   143  steps   16547  R    1916.19  len   56  laps 0  max_vx 26.89
ep   144  steps   16621  R    1498.26  len   74  laps 0  max_vx 27.83
ep   145  steps   16798  R    3632.14  len  177  laps 0  max_vx 29.53
ep   146  steps   16895  R    1615.02  len   97  laps 0  max_vx 29.08
ep   147  steps   16993  R    1376.24  len   98  laps 0  max_vx 28.60
ep   148  steps   17061  R     842.54  len   68  laps 0  max_vx 26.78
ep   149  steps   17182  R    2942.44  len  121  laps 0  max_vx 28.74
ep   150  steps   17285  R    1590.05  len  103  laps 0  max_vx 27.89
  eval  R 1094.98  len 81  max_vx 28.05  laps 0
ep   151  steps   17429  R    4372.90  len  144  laps 0  max_vx 30.09
ep   152  steps   17511  R    1135.76  len   82  laps 0  max_vx 26.79
ep   153  steps   17671  R    2945.81  len  160  laps 0  max_vx 30.53
ep   154  steps   17741  R    1458.12  len   70  laps 0  max_vx 27.04
ep   155  steps   17821  R     930.04  len   80  laps 0  max_vx 27.57
ep   156  steps   18058  R    5722.55  len  237  laps 1  max_vx 33.32
ep   157  steps   18185  R    1776.91  len  127  laps 0  max_vx 29.09
ep   158  steps   18273  R    2231.59  len   88  laps 0  max_vx 27.48
ep   159  steps   18367  R    1533.12  len   94  laps 0  max_vx 28.93
ep   160  steps   18455  R    1032.42  len   88  laps 0  max_vx 27.59
ep   161  steps   18571  R    3242.07  len  116  laps 1  max_vx 28.37
ep   162  steps   18683  R    1459.79  len  112  laps 0  max_vx 29.01
ep   163  steps   18786  R    2425.17  len  103  laps 0  max_vx 27.11
ep   164  steps   18860  R     691.59  len   74  laps 0  max_vx 26.54
ep   165  steps   18936  R     787.81  len   76  laps 0  max_vx 27.26
ep   166  steps   19027  R    2783.33  len   91  laps 0  max_vx 26.52
ep   167  steps   19123  R    2840.12  len   96  laps 0  max_vx 28.28
ep   168  steps   19297  R    4763.96  len  174  laps 0  max_vx 33.74
ep   169  steps   19366  R    2469.59  len   69  laps 0  max_vx 27.43
ep   170  steps   19480  R    2462.52  len  114  laps 0  max_vx 30.54
ep   171  steps   19550  R    2283.46  len   70  laps 0  max_vx 27.27
ep   172  steps   19643  R    1571.43  len   93  laps 0  max_vx 27.82
ep   173  steps   19808  R    3952.41  len  165  laps 0  max_vx 31.51
ep   174  steps   19915  R    2169.95  len  107  laps 0  max_vx 28.41
ep   175  steps   20101  R    4886.65  len  186  laps 0  max_vx 31.96
ep   176  steps   20193  R    1379.64  len   92  laps 0  max_vx 27.34
ep   177  steps   20277  R    1227.84  len   84  laps 0  max_vx 26.40
ep   178  steps   20357  R     876.34  len   80  laps 0  max_vx 27.12
ep   179  steps   20481  R    3653.61  len  124  laps 1  max_vx 30.58
ep   180  steps   20604  R    2813.09  len  123  laps 0  max_vx 30.46
ep   181  steps   20679  R    1398.25  len   75  laps 0  max_vx 26.85
ep   182  steps   20842  R    4043.12  len  163  laps 0  max_vx 32.26
ep   183  steps   20950  R    3589.80  len  108  laps 1  max_vx 29.18
ep   184  steps   21105  R    4576.03  len  155  laps 0  max_vx 30.74
ep   185  steps   21222  R    3006.33  len  117  laps 0  max_vx 30.47
ep   186  steps   21322  R    1415.95  len  100  laps 0  max_vx 27.96
ep   187  steps   21408  R     970.03  len   86  laps 0  max_vx 26.86
ep   188  steps   21596  R    4509.60  len  188  laps 0  max_vx 32.26
ep   189  steps   21708  R    3832.98  len  112  laps 0  max_vx 29.84
ep   190  steps   21780  R    1400.37  len   72  laps 0  max_vx 26.85
ep   191  steps   21845  R     750.94  len   65  laps 0  max_vx 27.47
ep   192  steps   21937  R    3382.72  len   92  laps 0  max_vx 27.84
ep   193  steps   22046  R    1128.41  len  109  laps 0  max_vx 28.84
ep   194  steps   22128  R    2701.39  len   82  laps 0  max_vx 27.81
ep   195  steps   22206  R    1554.35  len   78  laps 0  max_vx 26.67
ep   196  steps   22273  R    1297.90  len   67  laps 0  max_vx 27.09
ep   197  steps   22350  R    2452.04  len   77  laps 0  max_vx 27.27
ep   198  steps   22537  R    4968.89  len  187  laps 0  max_vx 33.12
ep   199  steps   22626  R    1909.93  len   89  laps 0  max_vx 26.88
ep   200  steps   22732  R    1130.76  len  106  laps 0  max_vx 28.33
  eval  R 1088.94  len 80  max_vx 27.96  laps 0
ep   201  steps   22863  R    3764.84  len  131  laps 0  max_vx 29.52
ep   202  steps   22971  R     599.55  len  108  laps 0  max_vx 28.63
ep   203  steps   23132  R    5094.27  len  161  laps 0  max_vx 29.58
ep   204  steps   23239  R    3122.28  len  107  laps 0  max_vx 29.48
ep   205  steps   23327  R    1217.00  len   88  laps 0  max_vx 27.29
ep   206  steps   23401  R     933.31  len   74  laps 0  max_vx 26.98
ep   207  steps   23584  R     943.81  len  183  laps 0  max_vx 30.44
ep   208  steps   23742  R    2522.23  len  158  laps 0  max_vx 29.71
ep   209  steps   23840  R    2468.41  len   98  laps 0  max_vx 28.11
ep   210  steps   23946  R    2424.54  len  106  laps 0  max_vx 29.50
ep   211  steps   24030  R     951.99  len   84  laps 0  max_vx 27.96
ep   212  steps   24118  R    3465.10  len   88  laps 0  max_vx 27.86
ep   213  steps   24196  R     531.45  len   78  laps 0  max_vx 26.93
ep   214  steps   24278  R    2376.73  len   82  laps 0  max_vx 27.02
ep   215  steps   24420  R    3708.59  len  142  laps 0  max_vx 30.49
ep   216  steps   24489  R    1619.42  len   69  laps 1  max_vx 28.08
ep   217  steps   24616  R    3263.72  len  127  laps 0  max_vx 31.15
ep   218  steps   24695  R     699.17  len   79  laps 0  max_vx 27.52
ep   219  steps   24784  R     575.61  len   89  laps 0  max_vx 26.73
ep   220  steps   24853  R    2298.77  len   69  laps 0  max_vx 27.41
ep   221  steps   24950  R    1897.65  len   97  laps 0  max_vx 28.64
ep   222  steps   25036  R    2056.07  len   86  laps 0  max_vx 27.59
ep   223  steps   25143  R    3443.18  len  107  laps 0  max_vx 29.92
ep   224  steps   25414  R    5722.67  len  271  laps 0  max_vx 34.41
ep   225  steps   25482  R    2424.60  len   68  laps 0  max_vx 26.68
ep   226  steps   25640  R    2924.58  len  158  laps 0  max_vx 30.75
ep   227  steps   25715  R    1682.03  len   75  laps 0  max_vx 27.29
ep   228  steps   25843  R    1205.64  len  128  laps 0  max_vx 28.89
ep   229  steps   25915  R     887.91  len   72  laps 0  max_vx 27.57
ep   230  steps   26012  R     715.56  len   97  laps 0  max_vx 27.79
ep   231  steps   26090  R     635.96  len   78  laps 0  max_vx 27.28
ep   232  steps   26379  R    5300.43  len  289  laps 0  max_vx 33.92
ep   233  steps   26470  R    1095.38  len   91  laps 0  max_vx 27.11
ep   234  steps   26555  R    2763.78  len   85  laps 0  max_vx 27.52
ep   235  steps   26641  R    1033.78  len   86  laps 0  max_vx 28.32
ep   236  steps   26939  R    6536.31  len  298  laps 0  max_vx 33.12
ep   237  steps   27018  R    2623.68  len   79  laps 0  max_vx 27.96
ep   238  steps   27111  R     165.86  len   93  laps 0  max_vx 27.18
ep   239  steps   27214  R    3492.41  len  103  laps 0  max_vx 28.21
ep   240  steps   27289  R    2926.98  len   75  laps 0  max_vx 26.91
ep   241  steps   27381  R    2246.52  len   92  laps 0  max_vx 28.12
ep   242  steps   27707  R    9727.34  len  326  laps 0  max_vx 35.78
ep   243  steps   27777  R    2419.07  len   70  laps 0  max_vx 26.88
ep   244  steps   27894  R    4138.18  len  117  laps 1  max_vx 28.81
ep   245  steps   28003  R    3509.85  len  109  laps 1  max_vx 27.61
ep   246  steps   28183  R    4280.01  len  180  laps 0  max_vx 28.70
ep   247  steps   28271  R    1600.24  len   88  laps 0  max_vx 27.87
ep   248  steps   28340  R     792.70  len   69  laps 0  max_vx 26.51
ep   249  steps   28518  R    4117.64  len  178  laps 0  max_vx 31.22
ep   250  steps   28656  R    3956.59  len  138  laps 0  max_vx 29.12
  eval  R 1078.96  len 81  max_vx 28.03  laps 0
ep   251  steps   28746  R     922.84  len   90  laps 0  max_vx 27.23
ep   252  steps   28808  R    2090.30  len   62  laps 0  max_vx 26.85
ep   253  steps   28933  R     657.97  len  125  laps 0  max_vx 28.74
ep   254  steps   29034  R    2064.86  len  101  laps 0  max_vx 27.46
ep   255  steps   29109  R     673.99  len   75  laps 0  max_vx 28.27
ep   256  steps   29325  R    5651.59  len  216  laps 0  max_vx 32.02
ep   257  steps   29421  R    2748.30  len   96  laps 0  max_vx 27.28
ep   258  steps   29597  R    1409.99  len  176  laps 0  max_vx 30.68
ep   259  steps   29697  R     633.15  len  100  laps 0  max_vx 27.98
ep   260  steps   29808  R    3159.52  len  111  laps 0  max_vx 27.96
ep   261  steps   29882  R    1036.39  len   74  laps 0  max_vx 27.78
ep   262  steps   30018  R    4569.87  len  136  laps 0  max_vx 29.19
ep   263  steps   30111  R    3543.26  len   93  laps 0  max_vx 28.23
ep   264  steps   30186  R    1019.22  len   75  laps 0  max_vx 28.15
ep   265  steps   30270  R    2316.70  len   84  laps 0  max_vx 26.92
ep   266  steps   30392  R    2726.65  len  122  laps 0  max_vx 28.35
ep   267  steps   30461  R     794.52  len   69  laps 0  max_vx 27.51
ep   268  steps   30547  R     744.55  len   86  laps 0  max_vx 27.71
ep   269  steps   30784  R    7466.99  len  237  laps 1  max_vx 33.46
ep   270  steps   30857  R     815.30  len   73  laps 0  max_vx 27.69
ep   271  steps   31025  R    3531.31  len  168  laps 1  max_vx 33.45
ep   272  steps   31246  R    3908.76  len  221  laps 0  max_vx 31.40
ep   273  steps   31353  R    1196.57  len  107  laps 0  max_vx 28.46
ep   274  steps   31462  R    2119.67  len  109  laps 0  max_vx 30.02
ep   275  steps   31561  R    1166.93  len   99  laps 0  max_vx 27.16
ep   276  steps   31651  R     289.55  len   90  laps 0  max_vx 27.26
ep   277  steps   31937  R    6664.65  len  286  laps 0  max_vx 35.23
ep   278  steps   32014  R     912.54  len   77  laps 0  max_vx 27.19
ep   279  steps   32096  R     840.01  len   82  laps 0  max_vx 26.52
ep   280  steps   32211  R    2525.67  len  115  laps 0  max_vx 28.11
ep   281  steps   32329  R    3363.72  len  118  laps 0  max_vx 29.93
ep   282  steps   32565  R    6483.97  len  236  laps 0  max_vx 32.70
ep   283  steps   32707  R    4638.91  len  142  laps 0  max_vx 30.22
ep   284  steps   32846  R    2851.46  len  139  laps 0  max_vx 29.93
ep   285  steps   32969  R    3916.82  len  123  laps 0  max_vx 28.90
ep   286  steps   33173  R    5365.49  len  204  laps 0  max_vx 31.63
ep   287  steps   33267  R    1440.74  len   94  laps 0  max_vx 27.46
ep   288  steps   33347  R     995.98  len   80  laps 0  max_vx 27.23
ep   289  steps   33483  R    1719.89  len  136  laps 0  max_vx 28.99
ep   290  steps   33659  R    3696.27  len  176  laps 0  max_vx 30.46
ep   291  steps   33793  R    2005.50  len  134  laps 0  max_vx 29.49
ep   292  steps   33880  R    2591.37  len   87  laps 1  max_vx 27.49
ep   293  steps   33975  R     935.87  len   95  laps 0  max_vx 27.02
ep   294  steps   34081  R     469.81  len  106  laps 0  max_vx 27.65
ep   295  steps   34159  R     512.49  len   78  laps 0  max_vx 27.60
ep   296  steps   34228  R     818.55  len   69  laps 0  max_vx 26.65
ep   297  steps   34325  R     884.36  len   97  laps 0  max_vx 28.39
ep   298  steps   34476  R    4355.69  len  151  laps 0  max_vx 30.98
ep   299  steps   34586  R    1713.26  len  110  laps 0  max_vx 29.20
ep   300  steps   34669  R     783.72  len   83  laps 0  max_vx 27.05
  eval  R 1087.27  len 79  max_vx 28.05  laps 0
ep   301  steps   34763  R    1736.75  len   94  laps 0  max_vx 27.37
ep   302  steps   34898  R    1937.09  len  135  laps 0  max_vx 30.16
ep   303  steps   34957  R    1146.13  len   59  laps 0  max_vx 26.71
ep   304  steps   35048  R    2788.69  len   91  laps 0  max_vx 26.97
ep   305  steps   35173  R    3949.77  len  125  laps 0  max_vx 28.88
ep   306  steps   35405  R    2693.40  len  232  laps 0  max_vx 31.61
ep   307  steps   35723  R   10466.17  len  318  laps 1  max_vx 35.19
ep   308  steps   35802  R     612.51  len   79  laps 0  max_vx 26.84
ep   309  steps   35978  R    2980.37  len  176  laps 0  max_vx 31.00
ep   310  steps   36068  R    1060.04  len   90  laps 0  max_vx 27.97
ep   311  steps   36165  R    2370.91  len   97  laps 0  max_vx 28.23
ep   312  steps   36267  R    3227.18  len  102  laps 0  max_vx 28.44
ep   313  steps   36377  R    2408.65  len  110  laps 0  max_vx 28.53
ep   314  steps   36543  R    4486.85  len  166  laps 0  max_vx 30.08
ep   315  steps   36630  R     475.86  len   87  laps 0  max_vx 27.42
ep   316  steps   36705  R    2727.68  len   75  laps 0  max_vx 27.62
ep   317  steps   36785  R     434.89  len   80  laps 0  max_vx 26.57
ep   318  steps   36947  R    2950.17  len  162  laps 0  max_vx 32.97
ep   319  steps   37051  R    1673.69  len  104  laps 0  max_vx 28.79
ep   320  steps   37144  R    2098.90  len   93  laps 0  max_vx 27.34
ep   321  steps   37264  R    3942.90  len  120  laps 0  max_vx 29.18
ep   322  steps   37344  R     984.78  len   80  laps 0  max_vx 27.51
ep   323  steps   37397  R    1865.89  len   53  laps 0  max_vx 26.55
ep   324  steps   37507  R    3473.01  len  110  laps 0  max_vx 27.81
ep   325  steps   37607  R    1556.73  len  100  laps 0  max_vx 28.96
ep   326  steps   37685  R     850.59  len   78  laps 0  max_vx 27.24
ep   327  steps   37776  R    1861.86  len   91  laps 0  max_vx 28.15
ep   328  steps   37906  R    3043.37  len  130  laps 0  max_vx 28.92
ep   329  steps   38052  R    3402.55  len  146  laps 0  max_vx 29.65
ep   330  steps   38132  R     876.25  len   80  laps 0  max_vx 26.69
ep   331  steps   38219  R     987.84  len   87  laps 0  max_vx 26.72
ep   332  steps   38362  R    4831.04  len  143  laps 0  max_vx 30.10
ep   333  steps   38462  R    2197.16  len  100  laps 0  max_vx 27.29
ep   334  steps   38607  R     465.61  len  145  laps 0  max_vx 31.22
ep   335  steps   38691  R     857.35  len   84  laps 0  max_vx 27.94
ep   336  steps   38773  R    1868.08  len   82  laps 0  max_vx 26.95
ep   337  steps   38866  R    1800.83  len   93  laps 0  max_vx 27.04
ep   338  steps   38966  R    1149.82  len  100  laps 0  max_vx 28.16
ep   339  steps   39102  R    1323.94  len  136  laps 0  max_vx 29.21
ep   340  steps   39195  R    1142.20  len   93  laps 0  max_vx 28.22
ep   341  steps   39305  R    2739.22  len  110  laps 0  max_vx 28.61
ep   342  steps   39479  R    4831.68  len  174  laps 0  max_vx 31.67
ep   343  steps   39594  R    1520.47  len  115  laps 0  max_vx 28.29
ep   344  steps   39700  R    1170.35  len  106  laps 0  max_vx 28.54
ep   345  steps   39798  R    2189.54  len   98  laps 0  max_vx 27.59
ep   346  steps   39920  R    3715.14  len  122  laps 0  max_vx 29.55
ep   347  steps   40020  R    2181.72  len  100  laps 0  max_vx 28.56
ep   348  steps   40089  R    1297.76  len   69  laps 0  max_vx 27.21
ep   349  steps   40152  R    2026.54  len   63  laps 0  max_vx 26.74
ep   350  steps   40294  R    4888.76  len  142  laps 0  max_vx 28.66
  eval  R 1109.47  len 79  max_vx 28.02  laps 0
ep   351  steps   40379  R     703.52  len   85  laps 0  max_vx 27.06
ep   352  steps   40474  R    1975.88  len   95  laps 0  max_vx 28.18
ep   353  steps   40552  R     729.80  len   78  laps 0  max_vx 27.46
ep   354  steps   40670  R    3259.59  len  118  laps 0  max_vx 28.82
ep   355  steps   40745  R    2721.66  len   75  laps 0  max_vx 27.33
ep   356  steps   40850  R    1749.52  len  105  laps 0  max_vx 29.76
ep   357  steps   40930  R     582.19  len   80  laps 0  max_vx 26.74
ep   358  steps   41019  R    2572.46  len   89  laps 0  max_vx 27.46
ep   359  steps   41100  R     728.16  len   81  laps 0  max_vx 28.19
ep   360  steps   41280  R    2522.14  len  180  laps 0  max_vx 31.09
ep   361  steps   41422  R    3667.49  len  142  laps 0  max_vx 29.23
ep   362  steps   41939  R    6289.93  len  517  laps 1  max_vx 31.43
ep   363  steps   42012  R     872.29  len   73  laps 0  max_vx 25.78
ep   364  steps   42083  R     891.00  len   71  laps 0  max_vx 27.24
ep   365  steps   42163  R     998.17  len   80  laps 0  max_vx 27.31
ep   366  steps   42271  R    1399.55  len  108  laps 0  max_vx 28.23
ep   367  steps   42377  R    2833.21  len  106  laps 0  max_vx 27.52
ep   368  steps   42515  R    6001.01  len  138  laps 1  max_vx 29.57
ep   369  steps   42592  R    2528.27  len   77  laps 0  max_vx 26.76
ep   370  steps   42668  R    1471.86  len   76  laps 0  max_vx 27.33
ep   371  steps   42759  R    2510.04  len   91  laps 0  max_vx 28.12
ep   372  steps   42849  R     861.01  len   90  laps 0  max_vx 28.54
ep   373  steps   42919  R     727.50  len   70  laps 0  max_vx 27.26
ep   374  steps   43000  R    2252.37  len   81  laps 0  max_vx 26.85
ep   375  steps   43079  R    1683.22  len   79  laps 0  max_vx 27.20
ep   376  steps   43173  R    2122.54  len   94  laps 0  max_vx 26.60
ep   377  steps   43267  R    1573.44  len   94  laps 0  max_vx 28.86
ep   378  steps   43341  R     313.72  len   74  laps 0  max_vx 26.71
ep   379  steps   43449  R    1979.53  len  108  laps 0  max_vx 29.00
ep   380  steps   43532  R     842.86  len   83  laps 0  max_vx 26.61
ep   381  steps   43643  R    2032.57  len  111  laps 0  max_vx 28.81
ep   382  steps   43803  R    4440.87  len  160  laps 0  max_vx 31.46
ep   383  steps   43888  R    1724.37  len   85  laps 0  max_vx 28.53
ep   384  steps   43996  R     843.06  len  108  laps 0  max_vx 28.84
ep   385  steps   44105  R    2820.99  len  109  laps 0  max_vx 29.50
ep   386  steps   44291  R    6042.12  len  186  laps 0  max_vx 32.37
ep   387  steps   44544  R    8411.86  len  253  laps 0  max_vx 34.53
ep   388  steps   44620  R     783.99  len   76  laps 0  max_vx 28.62
ep   389  steps   44699  R     610.01  len   79  laps 0  max_vx 27.76
ep   390  steps   44790  R    2795.34  len   91  laps 0  max_vx 28.60
ep   391  steps   44863  R     518.09  len   73  laps 0  max_vx 27.41
ep   392  steps   44963  R    3717.38  len  100  laps 0  max_vx 27.36
ep   393  steps   45072  R    2593.99  len  109  laps 0  max_vx 29.10
ep   394  steps   45234  R    3576.90  len  162  laps 0  max_vx 30.23
ep   395  steps   45389  R    5259.90  len  155  laps 0  max_vx 29.81
ep   396  steps   45483  R    2851.02  len   94  laps 0  max_vx 29.38
ep   397  steps   45605  R    2328.53  len  122  laps 0  max_vx 28.69
ep   398  steps   45665  R    1940.36  len   60  laps 0  max_vx 26.21
ep   399  steps   45758  R    2637.42  len   93  laps 1  max_vx 27.89
ep   400  steps   45969  R    2780.14  len  211  laps 0  max_vx 31.58
  eval  R 1089.78  len 80  max_vx 28.02  laps 0
ep   401  steps   46071  R    3278.03  len  102  laps 0  max_vx 29.94
ep   402  steps   46180  R    3089.06  len  109  laps 0  max_vx 28.15
ep   403  steps   46301  R    1013.35  len  121  laps 0  max_vx 27.85
ep   404  steps   46376  R    2755.93  len   75  laps 0  max_vx 26.52
ep   405  steps   46466  R    1839.12  len   90  laps 0  max_vx 27.75
ep   406  steps   46632  R    2199.49  len  166  laps 0  max_vx 31.29
ep   407  steps   46703  R     408.97  len   71  laps 0  max_vx 27.82
ep   408  steps   46792  R    2008.21  len   89  laps 0  max_vx 27.45
ep   409  steps   46874  R     929.95  len   82  laps 0  max_vx 27.50
ep   410  steps   46972  R    2209.77  len   98  laps 0  max_vx 27.91
ep   411  steps   47059  R     825.79  len   87  laps 0  max_vx 27.93
ep   412  steps   47128  R    2516.84  len   69  laps 0  max_vx 26.98
ep   413  steps   47213  R    1859.61  len   85  laps 0  max_vx 28.50
ep   414  steps   47374  R    4253.19  len  161  laps 1  max_vx 30.51
ep   415  steps   47465  R    1727.44  len   91  laps 0  max_vx 27.84
ep   416  steps   47575  R     493.32  len  110  laps 0  max_vx 28.13
ep   417  steps   47673  R     420.45  len   98  laps 0  max_vx 26.96
ep   418  steps   47761  R    1043.24  len   88  laps 0  max_vx 27.46
ep   419  steps   47873  R    2453.36  len  112  laps 0  max_vx 29.11
ep   420  steps   47948  R     626.59  len   75  laps 0  max_vx 27.51
ep   421  steps   48037  R     835.22  len   89  laps 0  max_vx 27.40
ep   422  steps   48122  R    1609.98  len   85  laps 0  max_vx 27.56
ep   423  steps   48222  R    1118.60  len  100  laps 0  max_vx 28.16
ep   424  steps   48287  R    1189.19  len   65  laps 0  max_vx 27.25
ep   425  steps   48405  R    1229.75  len  118  laps 0  max_vx 28.75
ep   426  steps   48481  R     928.23  len   76  laps 0  max_vx 27.41
ep   427  steps   48581  R    3241.52  len  100  laps 1  max_vx 27.91
ep   428  steps   48888  R    6877.95  len  307  laps 0  max_vx 35.64
ep   429  steps   48954  R     877.52  len   66  laps 0  max_vx 27.15
ep   430  steps   49050  R     822.65  len   96  laps 0  max_vx 27.76
ep   431  steps   49181  R    3346.34  len  131  laps 0  max_vx 30.16
ep   432  steps   49320  R    3598.73  len  139  laps 0  max_vx 29.76
ep   433  steps   49438  R    2472.04  len  118  laps 0  max_vx 28.35
ep   434  steps   49536  R    1808.64  len   98  laps 0  max_vx 29.61
ep   435  steps   49634  R     916.15  len   98  laps 0  max_vx 27.94
ep   436  steps   49802  R    4517.88  len  168  laps 0  max_vx 31.46
ep   437  steps   49906  R     600.32  len  104  laps 0  max_vx 26.93
ep   438  steps   49992  R    2979.96  len   86  laps 0  max_vx 27.19
ep   439  steps   50145  R    3709.99  len  153  laps 0  max_vx 29.78
ep   440  steps   50225  R     624.24  len   80  laps 0  max_vx 26.57
ep   441  steps   50302  R     728.21  len   77  laps 0  max_vx 27.43
ep   442  steps   50378  R    1007.75  len   76  laps 0  max_vx 27.18
ep   443  steps   50480  R    3040.89  len  102  laps 0  max_vx 28.45
ep   444  steps   50606  R    3093.34  len  126  laps 0  max_vx 28.85
ep   445  steps   50686  R     544.49  len   80  laps 0  max_vx 27.83
ep   446  steps   50786  R    1672.46  len  100  laps 0  max_vx 28.80
ep   447  steps   50874  R    1443.68  len   88  laps 0  max_vx 28.60
ep   448  steps   50941  R    1808.17  len   67  laps 0  max_vx 26.70
ep   449  steps   51050  R    1743.52  len  109  laps 0  max_vx 29.10
ep   450  steps   51243  R    5307.29  len  193  laps 0  max_vx 30.45
  eval  R 1104.33  len 79  max_vx 28.07  laps 0
ep   451  steps   51339  R    2679.92  len   96  laps 0  max_vx 27.62
ep   452  steps   51419  R     767.84  len   80  laps 0  max_vx 28.10
ep   453  steps   51551  R    4285.74  len  132  laps 0  max_vx 28.94
ep   454  steps   51633  R    1554.34  len   82  laps 0  max_vx 27.12
ep   455  steps   51869  R    5230.36  len  236  laps 0  max_vx 34.05
ep   456  steps   52103  R    5820.03  len  234  laps 0  max_vx 35.21
ep   457  steps   52208  R    2820.11  len  105  laps 0  max_vx 27.90
ep   458  steps   52309  R    1996.23  len  101  laps 0  max_vx 28.77
ep   459  steps   52379  R    1523.52  len   70  laps 0  max_vx 27.04
ep   460  steps   52469  R     789.58  len   90  laps 0  max_vx 27.03
ep   461  steps   52551  R    2009.34  len   82  laps 1  max_vx 27.13
ep   462  steps   52639  R     728.65  len   88  laps 0  max_vx 28.26
ep   463  steps   52837  R    6401.81  len  198  laps 0  max_vx 31.66
ep   464  steps   52910  R     723.55  len   73  laps 0  max_vx 27.50
ep   465  steps   53095  R    4802.60  len  185  laps 0  max_vx 31.09
ep   466  steps   53186  R    1227.65  len   91  laps 0  max_vx 29.17
ep   467  steps   53318  R     560.98  len  132  laps 0  max_vx 29.74
ep   468  steps   53558  R    4230.13  len  240  laps 0  max_vx 31.89
ep   469  steps   53677  R    2863.14  len  119  laps 0  max_vx 29.90
ep   470  steps   53784  R    1643.43  len  107  laps 0  max_vx 28.77
ep   471  steps   53901  R    2693.28  len  117  laps 0  max_vx 28.50
ep   472  steps   54054  R    3561.32  len  153  laps 0  max_vx 31.14
ep   473  steps   54224  R    5140.86  len  170  laps 0  max_vx 30.60
ep   474  steps   54322  R    1905.58  len   98  laps 0  max_vx 27.69
ep   475  steps   54421  R    3384.85  len   99  laps 0  max_vx 28.81
ep   476  steps   54568  R    2988.80  len  147  laps 0  max_vx 29.64
ep   477  steps   54659  R     761.94  len   91  laps 0  max_vx 28.15
ep   478  steps   54784  R    1811.63  len  125  laps 0  max_vx 27.22
ep   479  steps   54881  R    2447.17  len   97  laps 0  max_vx 28.83
ep   480  steps   54985  R    3776.38  len  104  laps 0  max_vx 28.29
ep   481  steps   55153  R    2819.70  len  168  laps 0  max_vx 31.34
ep   482  steps   55258  R    1948.68  len  105  laps 0  max_vx 29.19
ep   483  steps   55346  R     842.07  len   88  laps 0  max_vx 28.38
ep   484  steps   55492  R    4304.56  len  146  laps 1  max_vx 30.38
ep   485  steps   55600  R    2134.64  len  108  laps 0  max_vx 27.39
ep   486  steps   55782  R    5846.81  len  182  laps 0  max_vx 30.87
ep   487  steps   55851  R     702.68  len   69  laps 0  max_vx 27.11
ep   488  steps   55940  R    2107.62  len   89  laps 0  max_vx 28.44
ep   489  steps   56056  R    3387.90  len  116  laps 1  max_vx 28.75
ep   490  steps   56197  R    2462.74  len  141  laps 0  max_vx 29.24
ep   491  steps   56306  R    2231.25  len  109  laps 0  max_vx 29.70
ep   492  steps   56418  R    2945.57  len  112  laps 1  max_vx 29.26
ep   493  steps   56586  R    4789.80  len  168  laps 1  max_vx 30.66
ep   494  steps   56657  R     860.80  len   71  laps 0  max_vx 27.48
ep   495  steps   56764  R    1420.73  len  107  laps 0  max_vx 28.30
ep   496  steps   56873  R    1330.37  len  109  laps 0  max_vx 29.54
ep   497  steps   57095  R   -1400.58  len  222  laps 0  max_vx 30.59
ep   498  steps   57250  R    4902.77  len  155  laps 0  max_vx 30.84
ep   499  steps   57361  R    2331.38  len  111  laps 0  max_vx 29.47
ep   500  steps   57472  R    2888.06  len  111  laps 0  max_vx 29.98
  eval  R 1106.61  len 79  max_vx 28.04  laps 0
ep   501  steps   57572  R    1619.15  len  100  laps 0  max_vx 28.70
ep   502  steps   57684  R    2729.82  len  112  laps 0  max_vx 28.95
ep   503  steps   57755  R    1317.35  len   71  laps 0  max_vx 26.75
ep   504  steps   57943  R    7406.73  len  188  laps 0  max_vx 32.61
ep   505  steps   58009  R    2275.17  len   66  laps 0  max_vx 26.79
ep   506  steps   58087  R     789.83  len   78  laps 0  max_vx 27.26
ep   507  steps   58184  R    2492.24  len   97  laps 0  max_vx 28.90
ep   508  steps   58347  R    1800.21  len  163  laps 0  max_vx 30.24
ep   509  steps   58436  R    2332.22  len   89  laps 1  max_vx 27.17
ep   510  steps   58593  R    3683.36  len  157  laps 0  max_vx 30.76
ep   511  steps   58673  R    2306.74  len   80  laps 0  max_vx 26.55
ep   512  steps   58782  R    2355.34  len  109  laps 0  max_vx 28.41
ep   513  steps   58908  R    3001.02  len  126  laps 1  max_vx 29.07
ep   514  steps   58992  R    1102.11  len   84  laps 0  max_vx 27.76
ep   515  steps   59075  R     904.53  len   83  laps 0  max_vx 28.19
ep   516  steps   59181  R     728.85  len  106  laps 0  max_vx 28.27
ep   517  steps   59276  R     690.42  len   95  laps 0  max_vx 26.99
ep   518  steps   59357  R    1794.12  len   81  laps 0  max_vx 29.10
ep   519  steps   59464  R    1826.31  len  107  laps 0  max_vx 28.33
ep   520  steps   59593  R    3568.15  len  129  laps 0  max_vx 30.35
ep   521  steps   59701  R     959.34  len  108  laps 0  max_vx 28.21
ep   522  steps   59809  R    3604.95  len  108  laps 0  max_vx 28.92
ep   523  steps   59927  R    3117.46  len  118  laps 0  max_vx 27.69
ep   524  steps   60041  R    1714.97  len  114  laps 0  max_vx 28.80
ep   525  steps   60289  R    4668.32  len  248  laps 0  max_vx 33.08
ep   526  steps   60393  R    3127.34  len  104  laps 0  max_vx 29.72
ep   527  steps   60474  R    3087.89  len   81  laps 0  max_vx 27.55
ep   528  steps   60569  R    1576.27  len   95  laps 0  max_vx 28.74
ep   529  steps   60664  R     778.74  len   95  laps 0  max_vx 28.57
ep   530  steps   60862  R    3246.95  len  198  laps 0  max_vx 31.78
ep   531  steps   60950  R    1099.34  len   88  laps 0  max_vx 27.31
ep   532  steps   61063  R    2717.45  len  113  laps 0  max_vx 30.18
ep   533  steps   61143  R     731.17  len   80  laps 0  max_vx 27.39
ep   534  steps   61231  R    2058.18  len   88  laps 0  max_vx 28.32
ep   535  steps   61330  R    2007.16  len   99  laps 0  max_vx 27.95
ep   536  steps   61504  R    4719.22  len  174  laps 0  max_vx 30.87
ep   537  steps   61595  R    2063.89  len   91  laps 0  max_vx 27.75
ep   538  steps   61675  R     833.86  len   80  laps 0  max_vx 27.07
ep   539  steps   61748  R    1439.05  len   73  laps 0  max_vx 27.64
ep   540  steps   61919  R    5480.92  len  171  laps 0  max_vx 31.81
ep   541  steps   62030  R    2499.02  len  111  laps 0  max_vx 28.48
ep   542  steps   62195  R    5690.55  len  165  laps 1  max_vx 30.91
ep   543  steps   62249  R    1640.40  len   54  laps 0  max_vx 26.48
ep   544  steps   62350  R    1082.27  len  101  laps 0  max_vx 27.93
ep   545  steps   62444  R    1948.02  len   94  laps 0  max_vx 27.23
ep   546  steps   62533  R    2247.25  len   89  laps 0  max_vx 27.96
ep   547  steps   62616  R    1842.13  len   83  laps 0  max_vx 28.01
ep   548  steps   62690  R    1367.36  len   74  laps 0  max_vx 27.65
ep   549  steps   62793  R    2119.63  len  103  laps 0  max_vx 28.01
ep   550  steps   62872  R    1878.99  len   79  laps 1  max_vx 28.24
  eval  R 1074.12  len 80  max_vx 28.06  laps 0
ep   551  steps   62976  R     315.32  len  104  laps 0  max_vx 27.77
ep   552  steps   63083  R    1820.34  len  107  laps 0  max_vx 28.69
ep   553  steps   63157  R     478.62  len   74  laps 0  max_vx 27.99
ep   554  steps   63242  R     342.98  len   85  laps 0  max_vx 27.86
ep   555  steps   63359  R    2068.70  len  117  laps 0  max_vx 27.50
ep   556  steps   63445  R    1361.36  len   86  laps 0  max_vx 28.93
ep   557  steps   63529  R     901.57  len   84  laps 0  max_vx 27.41
ep   558  steps   63695  R    3386.87  len  166  laps 0  max_vx 29.97
ep   559  steps   63890  R    5126.29  len  195  laps 0  max_vx 32.28
ep   560  steps   63960  R    2328.97  len   70  laps 0  max_vx 26.32
ep   561  steps   64040  R     847.23  len   80  laps 0  max_vx 28.51
ep   562  steps   64126  R    2128.46  len   86  laps 0  max_vx 28.34
ep   563  steps   64233  R    2221.13  len  107  laps 0  max_vx 29.06
ep   564  steps   64340  R    2123.76  len  107  laps 0  max_vx 30.05
ep   565  steps   64428  R    1013.15  len   88  laps 0  max_vx 28.40
ep   566  steps   64511  R     692.18  len   83  laps 0  max_vx 27.08
ep   567  steps   64612  R    3224.42  len  101  laps 0  max_vx 29.75
ep   568  steps   64686  R    1586.03  len   74  laps 0  max_vx 27.34
ep   569  steps   64803  R    2184.11  len  117  laps 0  max_vx 30.10
ep   570  steps   64932  R    1451.41  len  129  laps 0  max_vx 27.79
ep   571  steps   65000  R    1790.73  len   68  laps 0  max_vx 27.68
ep   572  steps   65109  R    3000.85  len  109  laps 0  max_vx 28.73
ep   573  steps   65252  R    3343.70  len  143  laps 0  max_vx 32.38
ep   574  steps   65353  R    2682.66  len  101  laps 0  max_vx 29.12
ep   575  steps   65447  R    2320.49  len   94  laps 0  max_vx 28.17
ep   576  steps   65538  R     994.17  len   91  laps 0  max_vx 27.89
ep   577  steps   65668  R    3051.01  len  130  laps 0  max_vx 28.54
ep   578  steps   65833  R    2289.79  len  165  laps 0  max_vx 29.95
ep   579  steps   65947  R    2738.27  len  114  laps 1  max_vx 28.17
ep   580  steps   66036  R     854.63  len   89  laps 0  max_vx 27.72
ep   581  steps   66104  R     732.24  len   68  laps 0  max_vx 27.19
ep   582  steps   66215  R    2755.61  len  111  laps 0  max_vx 29.34
ep   583  steps   66293  R    1530.73  len   78  laps 0  max_vx 27.42
ep   584  steps   66590  R    9255.67  len  297  laps 0  max_vx 35.46
ep   585  steps   66661  R     717.39  len   71  laps 0  max_vx 26.15
ep   586  steps   66751  R    1288.71  len   90  laps 0  max_vx 28.40
ep   587  steps   66868  R    4177.68  len  117  laps 0  max_vx 30.75
ep   588  steps   66932  R     794.57  len   64  laps 0  max_vx 27.61
ep   589  steps   66988  R    1902.98  len   56  laps 0  max_vx 27.75
ep   590  steps   67071  R    1333.11  len   83  laps 0  max_vx 28.10
ep   591  steps   67150  R    1243.91  len   79  laps 0  max_vx 28.23
ep   592  steps   67236  R    1901.11  len   86  laps 0  max_vx 27.24
ep   593  steps   67326  R    2641.83  len   90  laps 1  max_vx 28.15
ep   594  steps   67453  R     864.32  len  127  laps 0  max_vx 27.72
ep   595  steps   67676  R    2312.60  len  223  laps 0  max_vx 32.93
ep   596  steps   67805  R    3582.10  len  129  laps 0  max_vx 32.14
ep   597  steps   67884  R    1165.22  len   79  laps 0  max_vx 26.71
ep   598  steps   67970  R    1026.00  len   86  laps 0  max_vx 26.68
ep   599  steps   68158  R    4904.55  len  188  laps 0  max_vx 32.15
ep   600  steps   68262  R    2536.71  len  104  laps 0  max_vx 28.58
  eval  R 1073.19  len 80  max_vx 28.06  laps 0
ep   601  steps   68332  R    1422.43  len   70  laps 0  max_vx 27.24
ep   602  steps   68419  R     424.02  len   87  laps 0  max_vx 27.23
ep   603  steps   68494  R     614.76  len   75  laps 0  max_vx 27.37
ep   604  steps   68579  R     763.30  len   85  laps 0  max_vx 28.31
ep   605  steps   68713  R    3276.38  len  134  laps 0  max_vx 29.60
ep   606  steps   68804  R    1908.08  len   91  laps 0  max_vx 27.49
ep   607  steps   68868  R    1573.86  len   64  laps 1  max_vx 26.79
ep   608  steps   69063  R    6525.52  len  195  laps 0  max_vx 32.06
ep   609  steps   69173  R    1456.30  len  110  laps 0  max_vx 28.99
ep   610  steps   69297  R    2420.30  len  124  laps 0  max_vx 30.33
ep   611  steps   69424  R    3847.48  len  127  laps 0  max_vx 28.87
ep   612  steps   69496  R     975.37  len   72  laps 0  max_vx 27.92
ep   613  steps   69570  R    1518.52  len   74  laps 0  max_vx 26.80
ep   614  steps   69655  R    2002.88  len   85  laps 0  max_vx 28.21
ep   615  steps   69740  R    1177.83  len   85  laps 0  max_vx 28.71
ep   616  steps   69838  R    3214.28  len   98  laps 0  max_vx 29.14
ep   617  steps   69927  R     588.10  len   89  laps 0  max_vx 28.43
ep   618  steps   70008  R     398.10  len   81  laps 0  max_vx 27.41
ep   619  steps   70090  R    2005.62  len   82  laps 0  max_vx 27.43
ep   620  steps   70179  R    1222.07  len   89  laps 0  max_vx 28.52
ep   621  steps   70332  R    4914.50  len  153  laps 0  max_vx 30.33
ep   622  steps   70455  R    2632.78  len  123  laps 0  max_vx 29.48
ep   623  steps   70568  R    4552.00  len  113  laps 0  max_vx 28.29
ep   624  steps   70683  R    2399.29  len  115  laps 0  max_vx 28.33
ep   625  steps   70750  R    1307.78  len   67  laps 0  max_vx 26.37
ep   626  steps   70846  R    3721.26  len   96  laps 0  max_vx 27.89
ep   627  steps   70902  R    1890.11  len   56  laps 0  max_vx 26.74
ep   628  steps   71001  R    1028.15  len   99  laps 0  max_vx 27.20
ep   629  steps   71119  R    2319.82  len  118  laps 0  max_vx 28.62
ep   630  steps   71226  R    2697.48  len  107  laps 0  max_vx 28.12
ep   631  steps   71337  R    2953.43  len  111  laps 0  max_vx 29.00
ep   632  steps   71416  R    1794.27  len   79  laps 0  max_vx 27.80
ep   633  steps   71510  R     634.52  len   94  laps 0  max_vx 28.56
ep   634  steps   71587  R    1610.93  len   77  laps 0  max_vx 26.70
ep   635  steps   71787  R    6936.03  len  200  laps 0  max_vx 32.22
ep   636  steps   71876  R     738.83  len   89  laps 0  max_vx 27.32
ep   637  steps   71968  R     892.63  len   92  laps 0  max_vx 27.78
ep   638  steps   72062  R     986.80  len   94  laps 0  max_vx 27.40
ep   639  steps   72183  R    2843.05  len  121  laps 0  max_vx 30.07
ep   640  steps   72400  R    2412.59  len  217  laps 1  max_vx 32.50
ep   641  steps   72568  R    5210.64  len  168  laps 0  max_vx 30.97
ep   642  steps   72642  R    1161.25  len   74  laps 0  max_vx 27.62
ep   643  steps   72716  R     888.78  len   74  laps 0  max_vx 27.65
ep   644  steps   72788  R     845.38  len   72  laps 0  max_vx 27.08
ep   645  steps   72867  R     765.64  len   79  laps 0  max_vx 27.12
ep   646  steps   72973  R     741.76  len  106  laps 0  max_vx 28.26
ep   647  steps   73121  R    1285.22  len  148  laps 0  max_vx 29.58
ep   648  steps   73227  R    3154.97  len  106  laps 0  max_vx 28.73
ep   649  steps   73310  R    2650.57  len   83  laps 0  max_vx 27.10
ep   650  steps   73427  R    3485.98  len  117  laps 1  max_vx 30.48
  eval  R 1073.99  len 79  max_vx 28.06  laps 0
ep   651  steps   73636  R    4116.10  len  209  laps 0  max_vx 30.28
ep   652  steps   73730  R    1323.52  len   94  laps 0  max_vx 28.03
ep   653  steps   73825  R     626.94  len   95  laps 0  max_vx 27.39
ep   654  steps   73950  R    2831.17  len  125  laps 0  max_vx 27.60
ep   655  steps   74069  R    2906.94  len  119  laps 0  max_vx 30.09
ep   656  steps   74219  R    1816.95  len  150  laps 0  max_vx 29.56
ep   657  steps   74292  R    1521.06  len   73  laps 0  max_vx 27.33
ep   658  steps   74371  R    1397.62  len   79  laps 0  max_vx 27.71
ep   659  steps   74547  R    4183.37  len  176  laps 1  max_vx 29.66
ep   660  steps   74668  R    2563.63  len  121  laps 0  max_vx 28.80
ep   661  steps   74744  R    2767.36  len   76  laps 0  max_vx 27.56
ep   662  steps   74822  R    1771.76  len   78  laps 0  max_vx 27.37
ep   663  steps   74881  R    2020.18  len   59  laps 0  max_vx 26.79
ep   664  steps   75079  R    1207.85  len  198  laps 0  max_vx 31.46
ep   665  steps   75256  R    4986.29  len  177  laps 0  max_vx 32.39
ep   666  steps   75345  R    1276.59  len   89  laps 0  max_vx 28.29
ep   667  steps   75452  R    1459.42  len  107  laps 0  max_vx 29.06
ep   668  steps   75541  R     710.63  len   89  laps 0  max_vx 27.34
ep   669  steps   75678  R    4032.38  len  137  laps 0  max_vx 32.12
ep   670  steps   75748  R    1323.81  len   70  laps 0  max_vx 27.06
ep   671  steps   75937  R    4353.62  len  189  laps 0  max_vx 30.26
ep   672  steps   76131  R    5782.65  len  194  laps 0  max_vx 31.94
ep   673  steps   76211  R    3135.41  len   80  laps 0  max_vx 27.48
ep   674  steps   76294  R    2788.21  len   83  laps 0  max_vx 27.97
ep   675  steps   76444  R    3051.49  len  150  laps 0  max_vx 30.67
ep   676  steps   76647  R    2878.56  len  203  laps 0  max_vx 31.51
ep   677  steps   76719  R    1483.10  len   72  laps 0  max_vx 27.55
ep   678  steps   76816  R     518.61  len   97  laps 0  max_vx 28.53
ep   679  steps   76968  R    1445.18  len  152  laps 0  max_vx 29.01
ep   680  steps   77214  R    7603.83  len  246  laps 1  max_vx 34.10
ep   681  steps   77318  R    1480.63  len  104  laps 0  max_vx 28.22
ep   682  steps   77455  R    3529.48  len  137  laps 0  max_vx 30.70
ep   683  steps   77543  R    2616.62  len   88  laps 1  max_vx 27.84
ep   684  steps   77625  R     761.23  len   82  laps 0  max_vx 27.69
ep   685  steps   77730  R    1607.05  len  105  laps 0  max_vx 28.91
ep   686  steps   77830  R    2716.57  len  100  laps 0  max_vx 27.92
ep   687  steps   77972  R    2754.49  len  142  laps 0  max_vx 30.22
ep   688  steps   78050  R     742.66  len   78  laps 0  max_vx 28.04
ep   689  steps   78218  R    6254.14  len  168  laps 0  max_vx 31.64
ep   690  steps   78339  R    2558.76  len  121  laps 0  max_vx 27.74
ep   691  steps   78447  R    2698.43  len  108  laps 0  max_vx 27.91
ep   692  steps   78604  R    1570.77  len  157  laps 0  max_vx 30.49
ep   693  steps   78784  R    3243.13  len  180  laps 0  max_vx 30.80
ep   694  steps   78913  R    4804.29  len  129  laps 0  max_vx 29.60
ep   695  steps   79181  R    2248.07  len  268  laps 0  max_vx 34.72
ep   696  steps   79278  R    1975.57  len   97  laps 0  max_vx 28.49
ep   697  steps   79443  R    4485.11  len  165  laps 0  max_vx 29.85
ep   698  steps   79551  R    3752.71  len  108  laps 0  max_vx 27.10
ep   699  steps   79637  R    2144.32  len   86  laps 0  max_vx 28.15
ep   700  steps   79752  R    2736.86  len  115  laps 0  max_vx 28.64
  eval  R 1109.05  len 79  max_vx 28.04  laps 0
ep   701  steps   79829  R     862.05  len   77  laps 0  max_vx 27.42
ep   702  steps   79908  R     692.59  len   79  laps 0  max_vx 26.53
ep   703  steps   80044  R    4609.67  len  136  laps 1  max_vx 30.50
ep   704  steps   80134  R     836.76  len   90  laps 0  max_vx 27.98
ep   705  steps   80290  R    3609.64  len  156  laps 0  max_vx 29.82
ep   706  steps   80400  R    1447.55  len  110  laps 0  max_vx 28.44
ep   707  steps   80504  R    1688.25  len  104  laps 0  max_vx 28.41
ep   708  steps   80662  R    3293.95  len  158  laps 0  max_vx 31.05
ep   709  steps   80746  R    2997.67  len   84  laps 0  max_vx 27.43
ep   710  steps   80832  R    1920.68  len   86  laps 0  max_vx 27.48
ep   711  steps   80965  R    4242.60  len  133  laps 0  max_vx 29.49
ep   712  steps   81172  R    3026.96  len  207  laps 0  max_vx 30.57
ep   713  steps   81259  R    1268.21  len   87  laps 0  max_vx 27.94
ep   714  steps   81531  R    5828.76  len  272  laps 1  max_vx 32.85
ep   715  steps   81631  R    2002.89  len  100  laps 0  max_vx 28.02
ep   716  steps   81750  R    2895.49  len  119  laps 0  max_vx 28.87
ep   717  steps   81808  R    2121.83  len   58  laps 0  max_vx 26.85
ep   718  steps   81976  R    3856.87  len  168  laps 0  max_vx 31.28
ep   719  steps   82074  R    1234.37  len   98  laps 0  max_vx 28.18
ep   720  steps   82218  R    4883.24  len  144  laps 1  max_vx 29.45
ep   721  steps   82343  R    1206.54  len  125  laps 0  max_vx 29.56
ep   722  steps   82499  R    5133.63  len  156  laps 0  max_vx 31.46
ep   723  steps   82580  R    1946.93  len   81  laps 0  max_vx 27.67
ep   724  steps   82747  R    7006.31  len  167  laps 0  max_vx 32.98
ep   725  steps   82971  R    5452.16  len  224  laps 0  max_vx 30.54
ep   726  steps   83061  R    3070.16  len   90  laps 0  max_vx 27.55
ep   727  steps   83148  R    1331.72  len   87  laps 0  max_vx 27.89
ep   728  steps   83263  R    3308.20  len  115  laps 0  max_vx 28.63
ep   729  steps   83339  R     779.17  len   76  laps 0  max_vx 26.97
ep   730  steps   83413  R     939.69  len   74  laps 0  max_vx 28.95
ep   731  steps   83490  R     683.26  len   77  laps 0  max_vx 27.27
ep   732  steps   83609  R     954.31  len  119  laps 0  max_vx 28.98
ep   733  steps   83726  R    1992.39  len  117  laps 0  max_vx 29.09
ep   734  steps   83897  R    5612.98  len  171  laps 0  max_vx 32.79
ep   735  steps   83981  R    1648.29  len   84  laps 0  max_vx 27.85
ep   736  steps   84099  R    4243.37  len  118  laps 0  max_vx 30.43
ep   737  steps   84199  R    1986.23  len  100  laps 0  max_vx 27.91
ep   738  steps   84283  R     608.01  len   84  laps 0  max_vx 26.96
ep   739  steps   84372  R    2415.15  len   89  laps 0  max_vx 28.63
ep   740  steps   84450  R     577.21  len   78  laps 0  max_vx 28.06
ep   741  steps   84535  R    1035.80  len   85  laps 0  max_vx 27.66
ep   742  steps   84616  R    1854.26  len   81  laps 0  max_vx 27.64
ep   743  steps   84704  R    1155.61  len   88  laps 0  max_vx 28.21
ep   744  steps   84907  R    6092.66  len  203  laps 1  max_vx 30.40
ep   745  steps   85080  R    5472.39  len  173  laps 0  max_vx 31.22
ep   746  steps   85171  R     651.86  len   91  laps 0  max_vx 27.34
ep   747  steps   85296  R    1486.08  len  125  laps 0  max_vx 28.09
ep   748  steps   85403  R    1081.92  len  107  laps 0  max_vx 28.39
ep   749  steps   85485  R    1527.48  len   82  laps 0  max_vx 28.12
ep   750  steps   85612  R    1412.53  len  127  laps 0  max_vx 27.80
  eval  R 1073.00  len 80  max_vx 28.05  laps 0
ep   751  steps   85704  R    2462.99  len   92  laps 0  max_vx 27.61
ep   752  steps   85878  R    5284.89  len  174  laps 0  max_vx 30.89
ep   753  steps   86055  R    5196.47  len  177  laps 0  max_vx 32.25
ep   754  steps   86291  R    7151.55  len  236  laps 0  max_vx 31.13
ep   755  steps   86374  R    1050.93  len   83  laps 0  max_vx 27.39
ep   756  steps   86464  R     890.16  len   90  laps 0  max_vx 26.46
ep   757  steps   86597  R    5014.11  len  133  laps 1  max_vx 29.71
ep   758  steps   86694  R    2309.01  len   97  laps 0  max_vx 28.70
ep   759  steps   87062  R   12522.90  len  368  laps 0  max_vx 37.11
ep   760  steps   87160  R    1330.61  len   98  laps 0  max_vx 26.88
ep   761  steps   87318  R    4692.54  len  158  laps 0  max_vx 31.88
ep   762  steps   87430  R    3340.57  len  112  laps 0  max_vx 28.42
ep   763  steps   87605  R    3612.14  len  175  laps 0  max_vx 31.00
ep   764  steps   87709  R    1632.24  len  104  laps 0  max_vx 28.67
ep   765  steps   87799  R    2028.11  len   90  laps 0  max_vx 27.55
ep   766  steps   87920  R    2083.71  len  121  laps 0  max_vx 28.21
ep   767  steps   87988  R    1330.93  len   68  laps 0  max_vx 26.15
ep   768  steps   88054  R    1226.81  len   66  laps 0  max_vx 27.28
ep   769  steps   88214  R    2465.74  len  160  laps 0  max_vx 30.17
ep   770  steps   88322  R    1517.23  len  108  laps 0  max_vx 28.82
ep   771  steps   88427  R    1211.70  len  105  laps 0  max_vx 27.74
ep   772  steps   88530  R    1348.32  len  103  laps 0  max_vx 28.61
ep   773  steps   88634  R    1836.55  len  104  laps 0  max_vx 29.76
ep   774  steps   88749  R    1481.83  len  115  laps 0  max_vx 29.58
ep   775  steps   88831  R    1817.58  len   82  laps 0  max_vx 26.45
ep   776  steps   88929  R    1084.15  len   98  laps 0  max_vx 28.03
ep   777  steps   89106  R    4362.24  len  177  laps 0  max_vx 31.55
ep   778  steps   89170  R    2259.50  len   64  laps 0  max_vx 26.61
ep   779  steps   89285  R    3372.04  len  115  laps 0  max_vx 27.41
ep   780  steps   89519  R    -920.50  len  234  laps 0  max_vx 31.82
ep   781  steps   89697  R    4245.86  len  178  laps 0  max_vx 30.48
ep   782  steps   89773  R     879.10  len   76  laps 0  max_vx 27.53
ep   783  steps   89872  R    1936.43  len   99  laps 0  max_vx 28.74
ep   784  steps   89952  R    2234.50  len   80  laps 1  max_vx 27.43
ep   785  steps   90122  R    4271.04  len  170  laps 0  max_vx 31.62
ep   786  steps   90231  R    2007.00  len  109  laps 0  max_vx 27.72
ep   787  steps   90418  R    4230.68  len  187  laps 0  max_vx 30.32
ep   788  steps   90576  R    3887.28  len  158  laps 0  max_vx 31.01
ep   789  steps   90652  R     869.32  len   76  laps 0  max_vx 27.02
ep   790  steps   90748  R    1016.56  len   96  laps 0  max_vx 27.72
ep   791  steps   90891  R    4150.48  len  143  laps 0  max_vx 30.78
ep   792  steps   90989  R    1718.60  len   98  laps 0  max_vx 29.04
ep   793  steps   91055  R     745.77  len   66  laps 0  max_vx 27.72
ep   794  steps   91241  R    4694.12  len  186  laps 1  max_vx 33.62
ep   795  steps   91304  R    2033.62  len   63  laps 0  max_vx 26.15
ep   796  steps   91403  R     982.30  len   99  laps 0  max_vx 26.32
ep   797  steps   91573  R    3686.07  len  170  laps 1  max_vx 31.31
ep   798  steps   91684  R    1905.55  len  111  laps 0  max_vx 28.79
ep   799  steps   91817  R    2069.64  len  133  laps 0  max_vx 29.04
ep   800  steps   91968  R    4595.60  len  151  laps 0  max_vx 31.19
  eval  R 1056.09  len 80  max_vx 28.08  laps 0
ep   801  steps   92065  R    3834.08  len   97  laps 0  max_vx 27.71
ep   802  steps   92140  R    1741.42  len   75  laps 0  max_vx 27.89
ep   803  steps   92354  R    4455.47  len  214  laps 0  max_vx 32.16
ep   804  steps   92436  R    1698.02  len   82  laps 0  max_vx 26.80
ep   805  steps   92514  R    1649.40  len   78  laps 0  max_vx 27.74
ep   806  steps   92588  R    2213.70  len   74  laps 0  max_vx 27.01
ep   807  steps   92781  R    4592.48  len  193  laps 0  max_vx 33.36
ep   808  steps   92874  R    1569.30  len   93  laps 0  max_vx 29.64
ep   809  steps   93008  R    4780.84  len  134  laps 0  max_vx 32.17
ep   810  steps   93101  R     675.56  len   93  laps 0  max_vx 27.10
ep   811  steps   93182  R     950.97  len   81  laps 0  max_vx 27.58
ep   812  steps   93273  R    2570.32  len   91  laps 0  max_vx 27.72
ep   813  steps   93375  R    3363.51  len  102  laps 0  max_vx 29.46
ep   814  steps   93503  R    3198.02  len  128  laps 0  max_vx 29.09
ep   815  steps   93599  R    2673.04  len   96  laps 0  max_vx 28.81
ep   816  steps   93702  R    1285.93  len  103  laps 0  max_vx 30.17
ep   817  steps   93890  R    4516.88  len  188  laps 0  max_vx 33.19
ep   818  steps   94040  R    1264.96  len  150  laps 0  max_vx 30.09
ep   819  steps   94130  R    2291.70  len   90  laps 0  max_vx 27.76
ep   820  steps   94211  R     500.41  len   81  laps 0  max_vx 26.55
ep   821  steps   94297  R    1458.19  len   86  laps 0  max_vx 28.30
ep   822  steps   94384  R    2220.93  len   87  laps 0  max_vx 28.84
ep   823  steps   94474  R    3182.56  len   90  laps 0  max_vx 27.41
ep   824  steps   94554  R     965.72  len   80  laps 0  max_vx 28.76
ep   825  steps   94692  R    4918.71  len  138  laps 0  max_vx 31.41
ep   826  steps   94797  R    1706.04  len  105  laps 0  max_vx 28.58
ep   827  steps   94876  R     876.57  len   79  laps 0  max_vx 26.92
ep   828  steps   94963  R     606.76  len   87  laps 0  max_vx 26.81
ep   829  steps   95082  R    1965.15  len  119  laps 0  max_vx 30.16
ep   830  steps   95221  R    1234.40  len  139  laps 0  max_vx 28.62
ep   831  steps   95296  R     423.80  len   75  laps 0  max_vx 26.65
ep   832  steps   95541  R    6744.15  len  245  laps 0  max_vx 33.77
ep   833  steps   95608  R     706.56  len   67  laps 0  max_vx 27.08
ep   834  steps   95715  R    2568.36  len  107  laps 1  max_vx 27.46
ep   835  steps   95820  R    2520.15  len  105  laps 0  max_vx 29.75
ep   836  steps   95994  R    3487.12  len  174  laps 0  max_vx 33.72
ep   837  steps   96068  R    1876.48  len   74  laps 0  max_vx 27.29
ep   838  steps   96140  R     369.44  len   72  laps 0  max_vx 27.39
ep   839  steps   96345  R    5533.18  len  205  laps 0  max_vx 31.81
ep   840  steps   96497  R    2540.64  len  152  laps 0  max_vx 29.84
ep   841  steps   96615  R    1950.55  len  118  laps 0  max_vx 29.76
ep   842  steps   96823  R    6640.15  len  208  laps 0  max_vx 33.30
ep   843  steps   96926  R    2743.76  len  103  laps 0  max_vx 28.67
ep   844  steps   97092  R    4771.11  len  166  laps 0  max_vx 30.93
ep   845  steps   97180  R    1709.06  len   88  laps 0  max_vx 26.55
ep   846  steps   97387  R     826.77  len  207  laps 0  max_vx 31.85
ep   847  steps   97595  R    3694.89  len  208  laps 0  max_vx 32.17
ep   848  steps   97695  R    1128.12  len  100  laps 0  max_vx 28.09
ep   849  steps   97756  R    2078.19  len   61  laps 0  max_vx 26.27
ep   850  steps   97988  R    4940.72  len  232  laps 0  max_vx 32.52
  eval  R 1100.98  len 79  max_vx 28.06  laps 0
ep   851  steps   98196  R    6119.43  len  208  laps 0  max_vx 32.40
ep   852  steps   98293  R    1063.97  len   97  laps 0  max_vx 29.30
ep   853  steps   98369  R     821.38  len   76  laps 0  max_vx 28.40
ep   854  steps   98450  R    1025.92  len   81  laps 0  max_vx 28.26
ep   855  steps   98563  R    3181.90  len  113  laps 0  max_vx 28.83
ep   856  steps   98653  R    2961.39  len   90  laps 0  max_vx 29.68
ep   857  steps   98820  R    4943.32  len  167  laps 1  max_vx 30.41
ep   858  steps   98894  R     589.01  len   74  laps 0  max_vx 27.25
ep   859  steps   99010  R    1202.20  len  116  laps 0  max_vx 28.00
ep   860  steps   99100  R    2922.42  len   90  laps 0  max_vx 27.71
ep   861  steps   99182  R    2809.14  len   82  laps 0  max_vx 27.14
ep   862  steps   99333  R    6182.38  len  151  laps 0  max_vx 30.25
ep   863  steps   99538  R    2670.67  len  205  laps 0  max_vx 32.44
ep   864  steps   99721  R    4420.55  len  183  laps 0  max_vx 31.60
ep   865  steps   99811  R    1287.24  len   90  laps 0  max_vx 27.65
ep   866  steps   99880  R    2374.20  len   69  laps 0  max_vx 26.75
ep   867  steps   99981  R    1124.47  len  101  laps 0  max_vx 28.70
ep   868  steps  100135  R    5018.88  len  154  laps 0  max_vx 30.83
ep   869  steps  100231  R    1077.59  len   96  laps 0  max_vx 27.47
ep   870  steps  100361  R    3054.99  len  130  laps 0  max_vx 29.08
ep   871  steps  100480  R    3690.08  len  119  laps 0  max_vx 28.84
ep   872  steps  100643  R    3676.58  len  163  laps 0  max_vx 31.34
ep   873  steps  100747  R    1847.39  len  104  laps 0  max_vx 28.18
ep   874  steps  100816  R     708.82  len   69  laps 0  max_vx 27.91
ep   875  steps  100912  R    2987.42  len   96  laps 1  max_vx 28.31
ep   876  steps  101004  R    1357.78  len   92  laps 0  max_vx 28.41
ep   877  steps  101074  R    2317.67  len   70  laps 0  max_vx 26.45
ep   878  steps  101208  R    3163.59  len  134  laps 1  max_vx 29.86
ep   879  steps  101412  R    4234.09  len  204  laps 0  max_vx 31.00
ep   880  steps  101487  R    2132.60  len   75  laps 0  max_vx 27.26
ep   881  steps  101568  R    1570.82  len   81  laps 0  max_vx 27.35
ep   882  steps  101681  R    2893.44  len  113  laps 0  max_vx 28.88
ep   883  steps  101784  R    1558.20  len  103  laps 0  max_vx 28.32
ep   884  steps  101883  R    1783.55  len   99  laps 0  max_vx 28.82
ep   885  steps  101975  R    1840.59  len   92  laps 0  max_vx 28.33
ep   886  steps  102119  R    3671.07  len  144  laps 1  max_vx 30.93
ep   887  steps  102231  R     904.13  len  112  laps 0  max_vx 28.38
ep   888  steps  102312  R    1711.58  len   81  laps 0  max_vx 27.42
ep   889  steps  102381  R    1455.41  len   69  laps 0  max_vx 26.50
ep   890  steps  102566  R    4068.26  len  185  laps 0  max_vx 32.73
ep   891  steps  102641  R    1706.43  len   75  laps 0  max_vx 27.60
ep   892  steps  102723  R     344.08  len   82  laps 0  max_vx 27.90
ep   893  steps  102831  R     855.34  len  108  laps 0  max_vx 28.55
ep   894  steps  102906  R    1588.43  len   75  laps 0  max_vx 26.87
ep   895  steps  102997  R    1512.91  len   91  laps 0  max_vx 28.40
ep   896  steps  103070  R     792.31  len   73  laps 0  max_vx 26.67
ep   897  steps  103307  R    8460.98  len  237  laps 0  max_vx 35.24
ep   898  steps  103382  R     753.37  len   75  laps 0  max_vx 27.03
ep   899  steps  103452  R     756.05  len   70  laps 0  max_vx 27.42
ep   900  steps  103542  R     793.16  len   90  laps 0  max_vx 28.70
  eval  R 1091.76  len 79  max_vx 28.05  laps 0
ep   901  steps  103623  R     365.43  len   81  laps 0  max_vx 27.50
ep   902  steps  103691  R    1679.68  len   68  laps 0  max_vx 27.36
ep   903  steps  103825  R    3151.93  len  134  laps 0  max_vx 31.73
ep   904  steps  103969  R    4361.78  len  144  laps 1  max_vx 30.18
ep   905  steps  104162  R    5044.22  len  193  laps 0  max_vx 33.24
ep   906  steps  104368  R    2229.64  len  206  laps 0  max_vx 32.40
ep   907  steps  104441  R    1282.27  len   73  laps 0  max_vx 27.06
ep   908  steps  104541  R    1441.13  len  100  laps 0  max_vx 28.54
ep   909  steps  104658  R    3655.41  len  117  laps 0  max_vx 29.67
ep   910  steps  104740  R    2969.92  len   82  laps 0  max_vx 27.52
ep   911  steps  104844  R    2742.67  len  104  laps 0  max_vx 29.05
ep   912  steps  105015  R    3300.81  len  171  laps 0  max_vx 31.47
ep   913  steps  105102  R     500.91  len   87  laps 0  max_vx 27.69
ep   914  steps  105182  R    2905.00  len   80  laps 0  max_vx 26.35
ep   915  steps  105363  R    5592.88  len  181  laps 0  max_vx 30.71
ep   916  steps  105475  R     990.18  len  112  laps 0  max_vx 28.44
ep   917  steps  105583  R    1989.90  len  108  laps 0  max_vx 28.85
ep   918  steps  105698  R    3950.39  len  115  laps 0  max_vx 28.23
ep   919  steps  105790  R    2066.13  len   92  laps 0  max_vx 27.12
ep   920  steps  105974  R    3686.86  len  184  laps 0  max_vx 31.67
ep   921  steps  106070  R    2401.13  len   96  laps 0  max_vx 30.81
ep   922  steps  106384  R    6850.44  len  314  laps 1  max_vx 32.69
ep   923  steps  106583  R    4681.96  len  199  laps 0  max_vx 32.53
ep   924  steps  106686  R    2616.04  len  103  laps 0  max_vx 28.09
ep   925  steps  106867  R    6631.17  len  181  laps 0  max_vx 31.87
ep   926  steps  106947  R    1730.74  len   80  laps 0  max_vx 26.98
ep   927  steps  107031  R     701.22  len   84  laps 0  max_vx 28.24
ep   928  steps  107134  R    1141.02  len  103  laps 0  max_vx 28.83
ep   929  steps  107340  R    6267.62  len  206  laps 0  max_vx 34.04
ep   930  steps  107419  R     892.23  len   79  laps 0  max_vx 26.77
ep   931  steps  107478  R    2052.30  len   59  laps 0  max_vx 26.57
ep   932  steps  107670  R    1180.18  len  192  laps 0  max_vx 30.78
ep   933  steps  107829  R    4400.33  len  159  laps 0  max_vx 31.32
ep   934  steps  107924  R     900.30  len   95  laps 0  max_vx 28.73
ep   935  steps  107996  R    2025.10  len   72  laps 0  max_vx 27.51
ep   936  steps  108117  R    2486.13  len  121  laps 0  max_vx 28.82
ep   937  steps  108200  R    1395.92  len   83  laps 0  max_vx 27.35
ep   938  steps  108290  R    1255.19  len   90  laps 0  max_vx 27.97
ep   939  steps  108420  R    1729.45  len  130  laps 0  max_vx 28.28
ep   940  steps  108493  R     420.92  len   73  laps 0  max_vx 28.15
ep   941  steps  108569  R     485.91  len   76  laps 0  max_vx 27.05
ep   942  steps  108673  R    3751.57  len  104  laps 0  max_vx 28.70
ep   943  steps  108840  R    2893.30  len  167  laps 0  max_vx 31.36
ep   944  steps  108964  R    2304.21  len  124  laps 0  max_vx 29.37
ep   945  steps  109087  R    2726.69  len  123  laps 0  max_vx 29.77
ep   946  steps  109165  R     931.66  len   78  laps 0  max_vx 27.52
ep   947  steps  109254  R    2821.47  len   89  laps 0  max_vx 26.04
ep   948  steps  109351  R     584.33  len   97  laps 0  max_vx 28.42
ep   949  steps  109425  R    1534.46  len   74  laps 0  max_vx 26.98
ep   950  steps  109659  R    7787.90  len  234  laps 0  max_vx 34.10
  eval  R 1059.35  len 80  max_vx 28.08  laps 0
ep   951  steps  109751  R    3332.94  len   92  laps 0  max_vx 27.93
ep   952  steps  109828  R    2686.77  len   77  laps 0  max_vx 27.87
ep   953  steps  109938  R    3807.81  len  110  laps 0  max_vx 27.59
ep   954  steps  110041  R    1753.96  len  103  laps 0  max_vx 29.10
ep   955  steps  110125  R    3425.12  len   84  laps 0  max_vx 27.72
ep   956  steps  110234  R    2238.72  len  109  laps 0  max_vx 28.65
ep   957  steps  110322  R     767.41  len   88  laps 0  max_vx 26.76
ep   958  steps  110408  R    1979.44  len   86  laps 0  max_vx 27.20
ep   959  steps  110508  R    2357.49  len  100  laps 0  max_vx 28.59
ep   960  steps  110598  R    1898.59  len   90  laps 0  max_vx 26.28
ep   961  steps  110677  R     492.77  len   79  laps 0  max_vx 26.77
ep   962  steps  110758  R    1177.00  len   81  laps 0  max_vx 27.12
ep   963  steps  110837  R     821.16  len   79  laps 0  max_vx 27.08
ep   964  steps  110922  R    1801.82  len   85  laps 0  max_vx 27.89
ep   965  steps  110991  R     732.29  len   69  laps 0  max_vx 27.33
ep   966  steps  111167  R    3695.66  len  176  laps 0  max_vx 30.78
ep   967  steps  111250  R    2464.35  len   83  laps 0  max_vx 27.73
ep   968  steps  111344  R    1993.39  len   94  laps 0  max_vx 27.28
ep   969  steps  111443  R    2208.21  len   99  laps 0  max_vx 26.41
ep   970  steps  111591  R    3958.01  len  148  laps 0  max_vx 30.89
ep   971  steps  111680  R     750.13  len   89  laps 0  max_vx 27.31
ep   972  steps  111759  R     648.34  len   79  laps 0  max_vx 28.10
ep   973  steps  111970  R    7651.93  len  211  laps 0  max_vx 31.88
ep   974  steps  112051  R     774.07  len   81  laps 0  max_vx 27.89
ep   975  steps  112126  R    2706.95  len   75  laps 0  max_vx 27.16
ep   976  steps  112211  R     525.34  len   85  laps 0  max_vx 27.20
ep   977  steps  112378  R    5191.56  len  167  laps 0  max_vx 32.75
ep   978  steps  112493  R    2934.11  len  115  laps 0  max_vx 29.44
ep   979  steps  112599  R    3660.97  len  106  laps 0  max_vx 27.82
ep   980  steps  112689  R    1492.02  len   90  laps 0  max_vx 28.16
ep   981  steps  112821  R    1765.70  len  132  laps 0  max_vx 29.53
ep   982  steps  112969  R    3174.38  len  148  laps 0  max_vx 30.67
ep   983  steps  113058  R    2126.43  len   89  laps 0  max_vx 27.38
ep   984  steps  113139  R    1585.92  len   81  laps 0  max_vx 28.36
ep   985  steps  113233  R    2596.63  len   94  laps 0  max_vx 26.93
ep   986  steps  113317  R    1056.70  len   84  laps 0  max_vx 27.22
ep   987  steps  113398  R     779.49  len   81  laps 0  max_vx 26.81
ep   988  steps  113497  R    1495.23  len   99  laps 0  max_vx 28.56
ep   989  steps  113674  R    3927.76  len  177  laps 0  max_vx 31.82
ep   990  steps  113763  R    1889.74  len   89  laps 0  max_vx 27.52
ep   991  steps  114008  R   -1246.08  len  245  laps 0  max_vx 33.33
ep   992  steps  114085  R     930.60  len   77  laps 0  max_vx 28.12
ep   993  steps  114238  R    4364.50  len  153  laps 0  max_vx 31.31
ep   994  steps  114389  R    4078.07  len  151  laps 1  max_vx 30.69
ep   995  steps  114530  R    1709.35  len  141  laps 0  max_vx 29.13
ep   996  steps  114633  R    2961.47  len  103  laps 0  max_vx 28.63
ep   997  steps  114760  R    3221.40  len  127  laps 0  max_vx 29.96
ep   998  steps  114834  R     797.06  len   74  laps 0  max_vx 27.47
ep   999  steps  114968  R    4700.45  len  134  laps 0  max_vx 28.44
ep  1000  steps  115140  R    3906.24  len  172  laps 0  max_vx 30.98
  eval  R 1072.63  len 79  max_vx 28.10  laps 0
ep  1001  steps  115270  R    3560.39  len  130  laps 0  max_vx 31.15
ep  1002  steps  115516  R   -1357.87  len  246  laps 0  max_vx 32.91
ep  1003  steps  115610  R    2367.30  len   94  laps 0  max_vx 28.56
ep  1004  steps  115721  R    3148.77  len  111  laps 0  max_vx 29.45
ep  1005  steps  115870  R    4003.74  len  149  laps 0  max_vx 31.48
ep  1006  steps  115961  R    1215.71  len   91  laps 0  max_vx 27.66
ep  1007  steps  116041  R     953.31  len   80  laps 0  max_vx 27.94
ep  1008  steps  116276  R    7792.94  len  235  laps 0  max_vx 34.70
ep  1009  steps  116433  R    5839.35  len  157  laps 0  max_vx 29.10
ep  1010  steps  116522  R    1743.15  len   89  laps 0  max_vx 27.21
ep  1011  steps  116684  R    5226.31  len  162  laps 0  max_vx 32.18
ep  1012  steps  116796  R    2672.49  len  112  laps 0  max_vx 29.81
ep  1013  steps  116865  R     758.66  len   69  laps 0  max_vx 28.22
ep  1014  steps  116994  R    1802.22  len  129  laps 0  max_vx 29.76
ep  1015  steps  117110  R    1155.42  len  116  laps 0  max_vx 28.27
ep  1016  steps  117208  R     133.92  len   98  laps 0  max_vx 26.91
ep  1017  steps  117380  R    4661.53  len  172  laps 1  max_vx 30.70
ep  1018  steps  117490  R    1778.66  len  110  laps 0  max_vx 29.63
ep  1019  steps  117704  R    6098.75  len  214  laps 0  max_vx 34.21
ep  1020  steps  117815  R    1416.60  len  111  laps 0  max_vx 29.34
ep  1021  steps  117965  R    3196.26  len  150  laps 0  max_vx 30.58
ep  1022  steps  118092  R    2367.44  len  127  laps 0  max_vx 30.05
ep  1023  steps  118196  R    2260.35  len  104  laps 0  max_vx 28.68
ep  1024  steps  118272  R     834.49  len   76  laps 0  max_vx 26.69
ep  1025  steps  118423  R    4113.99  len  151  laps 0  max_vx 30.56
ep  1026  steps  118581  R    2109.72  len  158  laps 0  max_vx 29.52
ep  1027  steps  118707  R      60.28  len  126  laps 0  max_vx 27.69
ep  1028  steps  118798  R    1031.91  len   91  laps 0  max_vx 27.94
ep  1029  steps  119004  R    1367.96  len  206  laps 0  max_vx 32.13
ep  1030  steps  119086  R    1635.50  len   82  laps 0  max_vx 26.82
ep  1031  steps  119220  R    4363.49  len  134  laps 0  max_vx 29.02
ep  1032  steps  119375  R    4393.03  len  155  laps 0  max_vx 30.23
ep  1033  steps  119487  R    1227.88  len  112  laps 0  max_vx 28.40
ep  1034  steps  119625  R    1217.12  len  138  laps 0  max_vx 28.41
ep  1035  steps  119783  R    2817.95  len  158  laps 0  max_vx 30.15
ep  1036  steps  119912  R    2855.45  len  129  laps 0  max_vx 29.31
ep  1037  steps  120021  R    1932.17  len  109  laps 0  max_vx 29.24
ep  1038  steps  120190  R    3279.77  len  169  laps 0  max_vx 29.83
ep  1039  steps  120296  R    1285.80  len  106  laps 0  max_vx 28.42
ep  1040  steps  120406  R    3053.07  len  110  laps 0  max_vx 28.21
ep  1041  steps  120534  R    2072.76  len  128  laps 0  max_vx 29.73
ep  1042  steps  120641  R    3560.98  len  107  laps 0  max_vx 28.21
ep  1043  steps  120727  R     812.48  len   86  laps 0  max_vx 27.12
ep  1044  steps  120855  R    2849.06  len  128  laps 0  max_vx 29.53
ep  1045  steps  121252  R   11189.76  len  397  laps 0  max_vx 40.57
ep  1046  steps  121358  R    2066.89  len  106  laps 0  max_vx 29.90
ep  1047  steps  121455  R    1216.71  len   97  laps 0  max_vx 28.57
ep  1048  steps  121527  R    1648.30  len   72  laps 0  max_vx 27.99
ep  1049  steps  121609  R    1734.09  len   82  laps 0  max_vx 28.60
ep  1050  steps  121844  R    6785.59  len  235  laps 0  max_vx 34.82
  eval  R 1100.60  len 79  max_vx 28.05  laps 0
ep  1051  steps  121914  R     951.89  len   70  laps 0  max_vx 27.67
ep  1052  steps  122006  R     633.55  len   92  laps 0  max_vx 28.70
ep  1053  steps  122104  R    2671.26  len   98  laps 0  max_vx 28.15
ep  1054  steps  122184  R    1848.28  len   80  laps 0  max_vx 28.38
ep  1055  steps  122282  R    1425.39  len   98  laps 0  max_vx 27.97
ep  1056  steps  122382  R    1133.72  len  100  laps 0  max_vx 27.46
ep  1057  steps  122530  R    2443.11  len  148  laps 0  max_vx 31.25
ep  1058  steps  122629  R    2518.30  len   99  laps 1  max_vx 28.08
ep  1059  steps  122748  R     859.81  len  119  laps 0  max_vx 29.52
ep  1060  steps  122826  R    1070.83  len   78  laps 0  max_vx 27.75
ep  1061  steps  122925  R    3150.36  len   99  laps 1  max_vx 28.36
ep  1062  steps  123059  R    2480.06  len  134  laps 0  max_vx 29.86
ep  1063  steps  123158  R    2175.42  len   99  laps 0  max_vx 28.29
ep  1064  steps  123323  R    4859.01  len  165  laps 0  max_vx 30.00
ep  1065  steps  123398  R    2767.50  len   75  laps 0  max_vx 26.26
ep  1066  steps  123480  R    2294.09  len   82  laps 0  max_vx 28.10
ep  1067  steps  123659  R    4134.19  len  179  laps 0  max_vx 31.55
ep  1068  steps  123787  R    1980.96  len  128  laps 0  max_vx 28.81
ep  1069  steps  123869  R    1153.72  len   82  laps 0  max_vx 27.98
ep  1070  steps  123958  R    1069.08  len   89  laps 0  max_vx 27.95
ep  1071  steps  124216  R    3076.57  len  258  laps 0  max_vx 33.79
ep  1072  steps  124434  R    5163.69  len  218  laps 0  max_vx 31.45
ep  1073  steps  124532  R    2639.91  len   98  laps 0  max_vx 27.85
ep  1074  steps  124636  R    1572.23  len  104  laps 0  max_vx 28.27
ep  1075  steps  124791  R    5205.00  len  155  laps 0  max_vx 30.66
ep  1076  steps  124879  R    1489.15  len   88  laps 0  max_vx 29.21
ep  1077  steps  124958  R    1965.33  len   79  laps 0  max_vx 27.82
ep  1078  steps  125048  R    3078.06  len   90  laps 0  max_vx 26.42
ep  1079  steps  125119  R     883.00  len   71  laps 0  max_vx 27.63
ep  1080  steps  125241  R    1238.79  len  122  laps 0  max_vx 28.52
ep  1081  steps  125322  R     862.30  len   81  laps 0  max_vx 27.00
ep  1082  steps  125432  R    3048.84  len  110  laps 0  max_vx 28.83
ep  1083  steps  125545  R    3560.80  len  113  laps 0  max_vx 29.28
ep  1084  steps  125627  R     880.87  len   82  laps 0  max_vx 27.25
ep  1085  steps  125698  R     765.89  len   71  laps 0  max_vx 26.87
ep  1086  steps  125815  R    2948.58  len  117  laps 0  max_vx 30.13
ep  1087  steps  125982  R    2834.63  len  167  laps 0  max_vx 31.36
ep  1088  steps  126080  R    1335.71  len   98  laps 0  max_vx 28.24
ep  1089  steps  126170  R     466.38  len   90  laps 0  max_vx 27.18
ep  1090  steps  126270  R    2965.63  len  100  laps 0  max_vx 28.18
ep  1091  steps  126360  R     909.71  len   90  laps 0  max_vx 27.36
ep  1092  steps  126452  R    2670.59  len   92  laps 1  max_vx 27.64
ep  1093  steps  126542  R    1221.65  len   90  laps 0  max_vx 27.09
ep  1094  steps  126609  R    1417.75  len   67  laps 0  max_vx 26.43
ep  1095  steps  126692  R    3187.07  len   83  laps 0  max_vx 26.80
ep  1096  steps  126773  R     875.70  len   81  laps 0  max_vx 26.56
ep  1097  steps  126854  R     899.20  len   81  laps 0  max_vx 27.48
ep  1098  steps  127024  R    3402.66  len  170  laps 0  max_vx 30.94
ep  1099  steps  127192  R    4177.69  len  168  laps 0  max_vx 30.75
ep  1100  steps  127389  R     891.00  len  197  laps 0  max_vx 32.33
  eval  R 1070.91  len 80  max_vx 28.04  laps 0
ep  1101  steps  127551  R    3220.57  len  162  laps 0  max_vx 29.50
ep  1102  steps  127671  R    4214.02  len  120  laps 0  max_vx 30.30
ep  1103  steps  127820  R    4392.96  len  149  laps 0  max_vx 31.40
ep  1104  steps  127940  R    4088.24  len  120  laps 0  max_vx 28.32
ep  1105  steps  128031  R    2147.94  len   91  laps 1  max_vx 26.92
ep  1106  steps  128216  R    4093.78  len  185  laps 0  max_vx 31.73
ep  1107  steps  128357  R    3565.26  len  141  laps 0  max_vx 29.95
ep  1108  steps  128416  R    2135.45  len   59  laps 0  max_vx 27.07
ep  1109  steps  128496  R     800.65  len   80  laps 0  max_vx 27.35
ep  1110  steps  128600  R    2403.00  len  104  laps 0  max_vx 28.58
ep  1111  steps  128774  R    4985.05  len  174  laps 0  max_vx 30.32
ep  1112  steps  128880  R    2899.90  len  106  laps 0  max_vx 28.93
ep  1113  steps  129023  R    3185.09  len  143  laps 0  max_vx 30.21
ep  1114  steps  129101  R    2581.11  len   78  laps 0  max_vx 27.52
ep  1115  steps  129176  R    2817.49  len   75  laps 0  max_vx 27.05
ep  1116  steps  129267  R     988.76  len   91  laps 0  max_vx 28.36
ep  1117  steps  129391  R    2418.79  len  124  laps 0  max_vx 30.78
ep  1118  steps  129565  R    5031.65  len  174  laps 1  max_vx 30.40
ep  1119  steps  129679  R    1805.51  len  114  laps 0  max_vx 28.16
ep  1120  steps  129758  R     459.42  len   79  laps 0  max_vx 27.10
ep  1121  steps  129837  R     856.45  len   79  laps 0  max_vx 28.25
ep  1122  steps  130073  R    7091.59  len  236  laps 0  max_vx 34.31
ep  1123  steps  130171  R    2540.75  len   98  laps 0  max_vx 29.82
ep  1124  steps  130262  R    1494.95  len   91  laps 0  max_vx 28.58
ep  1125  steps  130344  R     821.44  len   82  laps 0  max_vx 27.26
ep  1126  steps  130486  R    2894.00  len  142  laps 0  max_vx 28.80
ep  1127  steps  130607  R     828.93  len  121  laps 0  max_vx 27.51
ep  1128  steps  130704  R     902.54  len   97  laps 0  max_vx 26.76
ep  1129  steps  130820  R    1723.39  len  116  laps 0  max_vx 28.36
ep  1130  steps  130981  R    1468.23  len  161  laps 0  max_vx 30.32
ep  1131  steps  131055  R    1541.81  len   74  laps 0  max_vx 27.37
ep  1132  steps  131165  R    2261.14  len  110  laps 0  max_vx 29.79
ep  1133  steps  131279  R    3132.11  len  114  laps 1  max_vx 29.21
ep  1134  steps  131395  R    2780.41  len  116  laps 0  max_vx 28.57
ep  1135  steps  131563  R    3057.54  len  168  laps 0  max_vx 31.08
ep  1136  steps  131643  R     990.14  len   80  laps 0  max_vx 27.10
ep  1137  steps  131758  R    1808.48  len  115  laps 0  max_vx 28.87
ep  1138  steps  131949  R    3677.97  len  191  laps 0  max_vx 33.17
ep  1139  steps  132102  R    3419.47  len  153  laps 0  max_vx 29.30
ep  1140  steps  132301  R    8950.37  len  199  laps 0  max_vx 30.57
ep  1141  steps  132512  R    7888.24  len  211  laps 0  max_vx 34.14
ep  1142  steps  132768  R    6626.75  len  256  laps 0  max_vx 34.65
ep  1143  steps  132990  R    6507.77  len  222  laps 0  max_vx 32.77
ep  1144  steps  133205  R    5469.46  len  215  laps 0  max_vx 31.15
ep  1145  steps  133278  R     635.99  len   73  laps 0  max_vx 26.68
ep  1146  steps  133355  R     643.65  len   77  laps 0  max_vx 27.11
ep  1147  steps  133468  R    2839.72  len  113  laps 0  max_vx 27.25
ep  1148  steps  133583  R    1387.87  len  115  laps 0  max_vx 28.94
ep  1149  steps  133687  R    2772.66  len  104  laps 1  max_vx 27.81
ep  1150  steps  133797  R    4183.02  len  110  laps 0  max_vx 28.22
  eval  R 1063.46  len 79  max_vx 28.13  laps 0
ep  1151  steps  133926  R    3047.20  len  129  laps 0  max_vx 29.75
ep  1152  steps  134069  R    3751.55  len  143  laps 0  max_vx 28.69
ep  1153  steps  134156  R    1168.08  len   87  laps 0  max_vx 27.76
ep  1154  steps  134253  R    1098.55  len   97  laps 0  max_vx 28.23
ep  1155  steps  134321  R    1362.19  len   68  laps 0  max_vx 26.51
ep  1156  steps  134412  R    1857.22  len   91  laps 0  max_vx 27.29
ep  1157  steps  134521  R    2735.42  len  109  laps 0  max_vx 27.63
ep  1158  steps  134726  R    4894.93  len  205  laps 0  max_vx 31.79
ep  1159  steps  134811  R    1840.31  len   85  laps 0  max_vx 27.04
ep  1160  steps  135037  R    5575.74  len  226  laps 0  max_vx 33.20
ep  1161  steps  135121  R    1603.33  len   84  laps 0  max_vx 27.18
ep  1162  steps  135192  R    1775.01  len   71  laps 1  max_vx 27.53
ep  1163  steps  135265  R     583.69  len   73  laps 0  max_vx 27.50
ep  1164  steps  135342  R    1643.95  len   77  laps 0  max_vx 27.24
ep  1165  steps  135411  R    1318.35  len   69  laps 0  max_vx 26.42
ep  1166  steps  135500  R     801.35  len   89  laps 0  max_vx 27.06
ep  1167  steps  135667  R    3978.96  len  167  laps 0  max_vx 30.47
ep  1168  steps  135873  R    5174.52  len  206  laps 0  max_vx 33.17
ep  1169  steps  135991  R    2311.03  len  118  laps 0  max_vx 28.70
ep  1170  steps  136097  R     993.75  len  106  laps 0  max_vx 28.55
ep  1171  steps  136248  R    5441.86  len  151  laps 0  max_vx 31.42
ep  1172  steps  136322  R    1764.99  len   74  laps 1  max_vx 26.60
ep  1173  steps  136408  R     845.37  len   86  laps 0  max_vx 27.72
ep  1174  steps  136487  R    1206.17  len   79  laps 0  max_vx 28.44
ep  1175  steps  136694  R    2397.14  len  207  laps 0  max_vx 32.31
ep  1176  steps  136824  R    3861.71  len  130  laps 0  max_vx 28.25
ep  1177  steps  136897  R     717.07  len   73  laps 0  max_vx 28.15
ep  1178  steps  136971  R    1612.41  len   74  laps 0  max_vx 27.78
ep  1179  steps  137114  R    3629.79  len  143  laps 0  max_vx 29.26
ep  1180  steps  137248  R    4725.87  len  134  laps 0  max_vx 29.94
ep  1181  steps  137310  R    1905.19  len   62  laps 0  max_vx 26.50
ep  1182  steps  137443  R    1240.48  len  133  laps 0  max_vx 29.03
ep  1183  steps  137528  R     875.87  len   85  laps 0  max_vx 27.64
ep  1184  steps  137655  R    1279.21  len  127  laps 0  max_vx 27.58
ep  1185  steps  137790  R    3196.83  len  135  laps 0  max_vx 30.45
ep  1186  steps  137974  R    5771.50  len  184  laps 0  max_vx 30.26
ep  1187  steps  138139  R    1322.28  len  165  laps 0  max_vx 32.53
ep  1188  steps  138213  R    1330.38  len   74  laps 0  max_vx 25.87
ep  1189  steps  138283  R    2685.18  len   70  laps 0  max_vx 26.91
ep  1190  steps  138370  R     567.99  len   87  laps 0  max_vx 28.04
ep  1191  steps  138480  R    1261.23  len  110  laps 0  max_vx 28.22
ep  1192  steps  138573  R    1105.25  len   93  laps 0  max_vx 27.54
ep  1193  steps  138639  R    1643.82  len   66  laps 1  max_vx 27.38
ep  1194  steps  138772  R    4207.76  len  133  laps 1  max_vx 29.86
ep  1195  steps  138907  R    3427.51  len  135  laps 0  max_vx 30.60
ep  1196  steps  138985  R     603.51  len   78  laps 0  max_vx 26.84
ep  1197  steps  139089  R    1452.59  len  104  laps 0  max_vx 28.94
ep  1198  steps  139250  R    1985.10  len  161  laps 0  max_vx 29.76
ep  1199  steps  139324  R     824.39  len   74  laps 0  max_vx 28.50
ep  1200  steps  139462  R    3669.48  len  138  laps 0  max_vx 29.44
  eval  R 1076.24  len 78  max_vx 28.06  laps 0
ep  1201  steps  139713  R    8684.17  len  251  laps 1  max_vx 36.02
ep  1202  steps  139830  R    2408.62  len  117  laps 0  max_vx 27.25
ep  1203  steps  139912  R    2104.26  len   82  laps 1  max_vx 27.18
ep  1204  steps  139994  R    1167.18  len   82  laps 0  max_vx 26.83
ep  1205  steps  140084  R    1329.29  len   90  laps 0  max_vx 27.55
ep  1206  steps  140166  R    1422.15  len   82  laps 0  max_vx 27.82
ep  1207  steps  140454  R    5253.81  len  288  laps 0  max_vx 31.15
ep  1208  steps  140529  R    1267.12  len   75  laps 0  max_vx 27.09
ep  1209  steps  140630  R    2508.22  len  101  laps 0  max_vx 27.62
ep  1210  steps  140841  R    1307.99  len  211  laps 0  max_vx 31.38
ep  1211  steps  141008  R    3737.20  len  167  laps 0  max_vx 30.01
ep  1212  steps  141096  R    1192.61  len   88  laps 0  max_vx 27.24
ep  1213  steps  141233  R    2927.44  len  137  laps 0  max_vx 29.47
ep  1214  steps  141381  R    3217.69  len  148  laps 0  max_vx 30.16
ep  1215  steps  141580  R    2608.34  len  199  laps 0  max_vx 30.94
ep  1216  steps  141719  R    4742.89  len  139  laps 0  max_vx 29.88
ep  1217  steps  141804  R    2195.20  len   85  laps 0  max_vx 27.73
ep  1218  steps  141880  R    1664.78  len   76  laps 0  max_vx 26.36
ep  1219  steps  141976  R    3157.81  len   96  laps 0  max_vx 27.54
ep  1220  steps  142076  R    3440.02  len  100  laps 0  max_vx 27.36
ep  1221  steps  142321  R    8900.26  len  245  laps 0  max_vx 34.08
ep  1222  steps  142446  R    3713.75  len  125  laps 0  max_vx 30.10
ep  1223  steps  142542  R    1015.25  len   96  laps 0  max_vx 27.27
ep  1224  steps  142618  R    1696.43  len   76  laps 0  max_vx 27.35
ep  1225  steps  142709  R    1896.87  len   91  laps 0  max_vx 28.03
ep  1226  steps  142931  R    6400.05  len  222  laps 0  max_vx 32.46
ep  1227  steps  143103  R    5311.50  len  172  laps 1  max_vx 30.75
ep  1228  steps  143154  R    1819.25  len   51  laps 0  max_vx 26.83
ep  1229  steps  143260  R    2578.18  len  106  laps 0  max_vx 27.53
ep  1230  steps  143356  R    2047.31  len   96  laps 0  max_vx 28.32
ep  1231  steps  143523  R    4411.80  len  167  laps 0  max_vx 30.94
ep  1232  steps  143625  R    2676.61  len  102  laps 0  max_vx 28.59
ep  1233  steps  143718  R    1525.40  len   93  laps 0  max_vx 28.47
ep  1234  steps  143875  R    3885.28  len  157  laps 1  max_vx 32.84
ep  1235  steps  144184  R    9967.45  len  309  laps 0  max_vx 35.69
ep  1236  steps  144362  R    4221.77  len  178  laps 0  max_vx 31.67
ep  1237  steps  144492  R    2966.04  len  130  laps 1  max_vx 29.43
ep  1238  steps  144566  R     793.95  len   74  laps 0  max_vx 27.41
ep  1239  steps  144651  R    3197.93  len   85  laps 0  max_vx 28.06
ep  1240  steps  144850  R    6231.68  len  199  laps 0  max_vx 34.38
ep  1241  steps  145063  R    3707.78  len  213  laps 0  max_vx 32.30
ep  1242  steps  145169  R    1665.12  len  106  laps 0  max_vx 28.48
ep  1243  steps  145268  R    2641.80  len   99  laps 0  max_vx 29.28
ep  1244  steps  145407  R    3001.28  len  139  laps 0  max_vx 28.91
ep  1245  steps  145540  R    3576.19  len  133  laps 0  max_vx 30.00
ep  1246  steps  145644  R    3116.62  len  104  laps 0  max_vx 28.60
ep  1247  steps  145726  R     941.13  len   82  laps 0  max_vx 28.07
ep  1248  steps  145824  R    1234.30  len   98  laps 0  max_vx 28.22
ep  1249  steps  145919  R    1999.18  len   95  laps 0  max_vx 27.74
ep  1250  steps  146055  R     245.08  len  136  laps 0  max_vx 29.90
  eval  R 1049.21  len 80  max_vx 28.10  laps 0
ep  1251  steps  146166  R    2680.27  len  111  laps 0  max_vx 28.78
ep  1252  steps  146340  R    3983.57  len  174  laps 0  max_vx 31.60
ep  1253  steps  146433  R    2340.66  len   93  laps 0  max_vx 28.49
ep  1254  steps  146523  R    1297.67  len   90  laps 0  max_vx 28.23
ep  1255  steps  146607  R    1058.40  len   84  laps 0  max_vx 27.15
ep  1256  steps  146780  R    2069.46  len  173  laps 0  max_vx 30.22
ep  1257  steps  146872  R     882.54  len   92  laps 0  max_vx 26.95
ep  1258  steps  146967  R    1661.36  len   95  laps 0  max_vx 28.47
ep  1259  steps  147054  R     662.31  len   87  laps 0  max_vx 27.55
ep  1260  steps  147137  R     664.81  len   83  laps 0  max_vx 27.02
ep  1261  steps  147359  R    4156.87  len  222  laps 0  max_vx 31.29
ep  1262  steps  147517  R    4815.46  len  158  laps 0  max_vx 32.09
ep  1263  steps  147595  R     883.46  len   78  laps 0  max_vx 27.45
ep  1264  steps  147694  R    2577.02  len   99  laps 1  max_vx 27.59
ep  1265  steps  147783  R    1828.44  len   89  laps 0  max_vx 28.32
ep  1266  steps  147957  R    4511.96  len  174  laps 0  max_vx 34.30
ep  1267  steps  148031  R     716.75  len   74  laps 0  max_vx 27.01
ep  1268  steps  148233  R    4137.59  len  202  laps 0  max_vx 31.89
ep  1269  steps  148363  R    2788.59  len  130  laps 0  max_vx 29.79
ep  1270  steps  148468  R     655.94  len  105  laps 0  max_vx 27.24
ep  1271  steps  148575  R    1932.64  len  107  laps 0  max_vx 29.71
ep  1272  steps  148658  R    2456.75  len   83  laps 0  max_vx 27.15
ep  1273  steps  148745  R    1296.00  len   87  laps 0  max_vx 28.83
ep  1274  steps  148824  R     714.83  len   79  laps 0  max_vx 26.89
ep  1275  steps  148931  R    2351.01  len  107  laps 0  max_vx 27.99
ep  1276  steps  149044  R    1105.73  len  113  laps 0  max_vx 28.24
ep  1277  steps  149179  R    3194.32  len  135  laps 0  max_vx 29.95
ep  1278  steps  149269  R    1459.58  len   90  laps 0  max_vx 27.28
ep  1279  steps  149384  R     520.07  len  115  laps 0  max_vx 28.02
ep  1280  steps  149454  R    1224.78  len   70  laps 0  max_vx 27.38
ep  1281  steps  149533  R    1148.24  len   79  laps 0  max_vx 27.96
ep  1282  steps  149674  R    4631.71  len  141  laps 0  max_vx 32.43
ep  1283  steps  149842  R    4895.06  len  168  laps 0  max_vx 31.63
ep  1284  steps  150065  R    3057.82  len  223  laps 0  max_vx 33.84
ep  1285  steps  150155  R    1166.43  len   90  laps 0  max_vx 27.89
ep  1286  steps  150305  R    2641.48  len  150  laps 0  max_vx 29.70
ep  1287  steps  150376  R     469.10  len   71  laps 0  max_vx 28.14
ep  1288  steps  150536  R    2757.42  len  160  laps 0  max_vx 29.30
ep  1289  steps  150690  R    4180.25  len  154  laps 0  max_vx 30.43
ep  1290  steps  150767  R     729.44  len   77  laps 0  max_vx 27.13
ep  1291  steps  150873  R    3158.88  len  106  laps 0  max_vx 29.37
ep  1292  steps  150960  R     431.32  len   87  laps 0  max_vx 27.77
ep  1293  steps  151046  R    1703.21  len   86  laps 0  max_vx 27.50
ep  1294  steps  151141  R     714.56  len   95  laps 0  max_vx 27.46
ep  1295  steps  151277  R    3236.64  len  136  laps 0  max_vx 30.85
ep  1296  steps  151386  R    1207.13  len  109  laps 0  max_vx 27.90
ep  1297  steps  151486  R    1979.83  len  100  laps 0  max_vx 26.43
ep  1298  steps  151641  R    3092.20  len  155  laps 0  max_vx 28.27
ep  1299  steps  151726  R    1063.62  len   85  laps 0  max_vx 28.00
ep  1300  steps  151809  R     984.70  len   83  laps 0  max_vx 27.03
  eval  R 1099.77  len 79  max_vx 28.08  laps 0
ep  1301  steps  151889  R    1171.75  len   80  laps 0  max_vx 27.27
ep  1302  steps  151963  R     773.41  len   74  laps 0  max_vx 26.95
ep  1303  steps  152035  R     744.09  len   72  laps 0  max_vx 26.60
ep  1304  steps  152215  R    4604.09  len  180  laps 1  max_vx 31.43
ep  1305  steps  152317  R     800.63  len  102  laps 0  max_vx 26.98
ep  1306  steps  152394  R    1946.08  len   77  laps 1  max_vx 27.22
ep  1307  steps  152484  R     604.39  len   90  laps 0  max_vx 27.94
ep  1308  steps  152557  R    2661.30  len   73  laps 0  max_vx 28.02
ep  1309  steps  152660  R    1311.45  len  103  laps 0  max_vx 27.77
ep  1310  steps  152787  R    2100.36  len  127  laps 0  max_vx 28.77
ep  1311  steps  152892  R    2627.89  len  105  laps 1  max_vx 28.36
ep  1312  steps  153052  R    2981.91  len  160  laps 0  max_vx 30.10
ep  1313  steps  153131  R     894.70  len   79  laps 0  max_vx 27.95
ep  1314  steps  153223  R     864.92  len   92  laps 0  max_vx 28.61
ep  1315  steps  153308  R    1687.79  len   85  laps 0  max_vx 27.70
ep  1316  steps  153444  R    4104.65  len  136  laps 0  max_vx 27.40
ep  1317  steps  153532  R     882.85  len   88  laps 0  max_vx 27.59
ep  1318  steps  153636  R    2892.41  len  104  laps 0  max_vx 29.14
ep  1319  steps  153732  R    1865.98  len   96  laps 0  max_vx 28.09
ep  1320  steps  153891  R    3723.29  len  159  laps 0  max_vx 31.76
ep  1321  steps  153982  R    2274.07  len   91  laps 0  max_vx 27.77
ep  1322  steps  154123  R    4694.93  len  141  laps 0  max_vx 31.35
ep  1323  steps  154248  R    2512.07  len  125  laps 0  max_vx 29.18
ep  1324  steps  154415  R    3280.00  len  167  laps 0  max_vx 29.56
ep  1325  steps  154519  R    2131.62  len  104  laps 0  max_vx 30.84
ep  1326  steps  154638  R    1735.61  len  119  laps 0  max_vx 29.46
ep  1327  steps  154844  R    1834.37  len  206  laps 0  max_vx 30.93
ep  1328  steps  155067  R    4185.22  len  223  laps 0  max_vx 33.25
ep  1329  steps  155183  R    3605.84  len  116  laps 0  max_vx 30.38
ep  1330  steps  155258  R     992.56  len   75  laps 0  max_vx 27.33
ep  1331  steps  155354  R    2072.62  len   96  laps 0  max_vx 27.68
ep  1332  steps  155436  R     655.91  len   82  laps 0  max_vx 27.52
ep  1333  steps  155734  R    8525.58  len  298  laps 0  max_vx 34.61
ep  1334  steps  155876  R    2523.10  len  142  laps 0  max_vx 30.38
ep  1335  steps  155949  R     894.85  len   73  laps 0  max_vx 27.96
ep  1336  steps  156024  R    1316.35  len   75  laps 0  max_vx 27.24
ep  1337  steps  156153  R     719.93  len  129  laps 0  max_vx 28.39
ep  1338  steps  156266  R    2572.38  len  113  laps 0  max_vx 27.76
ep  1339  steps  156367  R    3628.55  len  101  laps 0  max_vx 27.81
ep  1340  steps  156465  R     891.74  len   98  laps 0  max_vx 27.18
ep  1341  steps  156580  R    3910.62  len  115  laps 0  max_vx 29.62
ep  1342  steps  156709  R    4107.60  len  129  laps 0  max_vx 30.59
ep  1343  steps  156825  R    1852.74  len  116  laps 0  max_vx 29.10
ep  1344  steps  156983  R    3407.42  len  158  laps 0  max_vx 30.06
ep  1345  steps  157096  R    3185.59  len  113  laps 0  max_vx 28.67
ep  1346  steps  157195  R    1735.91  len   99  laps 0  max_vx 27.97
ep  1347  steps  157278  R    1568.00  len   83  laps 0  max_vx 27.80
ep  1348  steps  157423  R    3249.83  len  145  laps 0  max_vx 30.51
ep  1349  steps  157512  R     492.98  len   89  laps 0  max_vx 27.43
ep  1350  steps  157777  R    6343.06  len  265  laps 0  max_vx 35.63
  eval  R 1060.22  len 80  max_vx 28.10  laps 0
ep  1351  steps  158020  R    6610.30  len  243  laps 0  max_vx 32.63
ep  1352  steps  158094  R    2646.45  len   74  laps 0  max_vx 26.33
ep  1353  steps  158209  R    4268.82  len  115  laps 0  max_vx 28.77
ep  1354  steps  158281  R    1904.68  len   72  laps 1  max_vx 27.23
ep  1355  steps  158398  R    3184.86  len  117  laps 0  max_vx 28.54
ep  1356  steps  158470  R     875.20  len   72  laps 0  max_vx 27.87
ep  1357  steps  158536  R    1442.10  len   66  laps 0  max_vx 26.88
ep  1358  steps  158618  R    1774.96  len   82  laps 0  max_vx 27.32
ep  1359  steps  158756  R     906.68  len  138  laps 0  max_vx 28.00
ep  1360  steps  158869  R    3728.22  len  113  laps 0  max_vx 30.40
ep  1361  steps  158967  R    1588.59  len   98  laps 0  max_vx 28.86
ep  1362  steps  159098  R    3006.11  len  131  laps 0  max_vx 30.10
ep  1363  steps  159245  R    2895.07  len  147  laps 0  max_vx 29.31
ep  1364  steps  159335  R    1093.81  len   90  laps 0  max_vx 28.28
ep  1365  steps  159417  R     958.79  len   82  laps 0  max_vx 27.08
ep  1366  steps  159541  R    2834.41  len  124  laps 0  max_vx 30.51
ep  1367  steps  159611  R    2138.65  len   70  laps 0  max_vx 27.29
ep  1368  steps  159700  R    2087.94  len   89  laps 0  max_vx 27.72
ep  1369  steps  159778  R    2550.08  len   78  laps 0  max_vx 28.29
ep  1370  steps  159881  R    1863.88  len  103  laps 0  max_vx 29.59
ep  1371  steps  160006  R    1534.93  len  125  laps 0  max_vx 29.44
ep  1372  steps  160110  R    3142.88  len  104  laps 1  max_vx 28.47
ep  1373  steps  160192  R    1440.54  len   82  laps 0  max_vx 26.97
ep  1374  steps  160263  R     402.77  len   71  laps 0  max_vx 27.79
ep  1375  steps  160373  R    3402.67  len  110  laps 0  max_vx 29.40
ep  1376  steps  160477  R    1924.23  len  104  laps 0  max_vx 27.94
ep  1377  steps  160587  R    1532.06  len  110  laps 0  max_vx 28.41
ep  1378  steps  160674  R    1692.19  len   87  laps 0  max_vx 27.96
ep  1379  steps  160786  R    3458.87  len  112  laps 0  max_vx 27.30
ep  1380  steps  160907  R    1374.26  len  121  laps 0  max_vx 30.31
ep  1381  steps  161338  R   14905.65  len  431  laps 0  max_vx 40.03
ep  1382  steps  161514  R    5079.92  len  176  laps 1  max_vx 31.04
ep  1383  steps  161678  R    3223.01  len  164  laps 0  max_vx 31.12
ep  1384  steps  161830  R    4378.20  len  152  laps 1  max_vx 30.41
ep  1385  steps  161971  R    2393.43  len  141  laps 0  max_vx 30.82
ep  1386  steps  162169  R    2682.69  len  198  laps 0  max_vx 32.65
ep  1387  steps  162262  R    2117.69  len   93  laps 0  max_vx 28.13
ep  1388  steps  162336  R     640.86  len   74  laps 0  max_vx 27.68
ep  1389  steps  162436  R    1726.28  len  100  laps 0  max_vx 29.21
ep  1390  steps  162510  R    2335.42  len   74  laps 0  max_vx 26.66
ep  1391  steps  162622  R    1207.45  len  112  laps 0  max_vx 28.49
ep  1392  steps  162739  R    4017.30  len  117  laps 0  max_vx 30.59
ep  1393  steps  162977  R    4647.77  len  238  laps 0  max_vx 33.38
ep  1394  steps  163062  R    1017.51  len   85  laps 0  max_vx 27.25
ep  1395  steps  163188  R     704.57  len  126  laps 0  max_vx 27.98
ep  1396  steps  163281  R    3203.03  len   93  laps 0  max_vx 26.96
ep  1397  steps  163376  R    3233.92  len   95  laps 0  max_vx 27.87
ep  1398  steps  163475  R    1943.41  len   99  laps 0  max_vx 28.29
ep  1399  steps  163593  R    3444.55  len  118  laps 0  max_vx 27.30
ep  1400  steps  163817  R   -2038.23  len  224  laps 0  max_vx 32.48
  eval  R 1059.65  len 80  max_vx 28.08  laps 0
ep  1401  steps  163942  R    1624.61  len  125  laps 0  max_vx 28.91
ep  1402  steps  164058  R    2870.66  len  116  laps 0  max_vx 30.37
ep  1403  steps  164272  R    6969.09  len  214  laps 1  max_vx 34.67
ep  1404  steps  164376  R    3624.76  len  104  laps 0  max_vx 28.02
ep  1405  steps  164517  R    4208.35  len  141  laps 0  max_vx 29.54
ep  1406  steps  164653  R    2011.82  len  136  laps 0  max_vx 29.48
ep  1407  steps  164809  R    3546.68  len  156  laps 0  max_vx 31.04
ep  1408  steps  164884  R     965.30  len   75  laps 0  max_vx 27.28
ep  1409  steps  165070  R    4757.54  len  186  laps 1  max_vx 29.22
ep  1410  steps  165236  R    4243.28  len  166  laps 0  max_vx 30.52
ep  1411  steps  165349  R     472.14  len  113  laps 0  max_vx 27.54
ep  1412  steps  165449  R    3322.31  len  100  laps 0  max_vx 28.19
ep  1413  steps  165542  R    1869.77  len   93  laps 0  max_vx 27.34
ep  1414  steps  165648  R    1013.42  len  106  laps 0  max_vx 28.67
ep  1415  steps  165726  R    1127.54  len   78  laps 0  max_vx 27.74
ep  1416  steps  165853  R    2315.77  len  127  laps 0  max_vx 28.48
ep  1417  steps  165948  R    2211.53  len   95  laps 0  max_vx 28.18
ep  1418  steps  166023  R     891.85  len   75  laps 0  max_vx 27.54
ep  1419  steps  166134  R    1238.31  len  111  laps 0  max_vx 29.54
ep  1420  steps  166207  R    1471.30  len   73  laps 0  max_vx 27.38
ep  1421  steps  166328  R    1638.11  len  121  laps 0  max_vx 29.05
ep  1422  steps  166558  R    5070.09  len  230  laps 1  max_vx 34.06
ep  1423  steps  166670  R    2485.49  len  112  laps 0  max_vx 28.16
ep  1424  steps  166790  R    2006.56  len  120  laps 0  max_vx 29.83
ep  1425  steps  166934  R    2437.35  len  144  laps 0  max_vx 29.61
ep  1426  steps  167050  R    2534.70  len  116  laps 0  max_vx 28.96
ep  1427  steps  167116  R     651.73  len   66  laps 0  max_vx 27.50
ep  1428  steps  167205  R     975.43  len   89  laps 0  max_vx 28.48
ep  1429  steps  167290  R     567.07  len   85  laps 0  max_vx 27.90
ep  1430  steps  167374  R     643.88  len   84  laps 0  max_vx 28.98
ep  1431  steps  167451  R     952.80  len   77  laps 0  max_vx 27.29
ep  1432  steps  167541  R     955.12  len   90  laps 0  max_vx 27.28
ep  1433  steps  167697  R    2906.30  len  156  laps 0  max_vx 29.96
ep  1434  steps  167785  R     675.29  len   88  laps 0  max_vx 27.77
ep  1435  steps  167905  R    1834.43  len  120  laps 0  max_vx 29.73
ep  1436  steps  167976  R    2584.51  len   71  laps 0  max_vx 27.99
ep  1437  steps  168107  R     934.70  len  131  laps 0  max_vx 29.82
ep  1438  steps  168184  R    1042.81  len   77  laps 0  max_vx 27.14
ep  1439  steps  168260  R     963.27  len   76  laps 0  max_vx 26.59
ep  1440  steps  168344  R     998.38  len   84  laps 0  max_vx 27.88
ep  1441  steps  168419  R    1000.88  len   75  laps 0  max_vx 27.00
ep  1442  steps  168525  R    2545.80  len  106  laps 0  max_vx 27.75
ep  1443  steps  168617  R    3779.79  len   92  laps 0  max_vx 29.14
ep  1444  steps  168743  R    1672.41  len  126  laps 0  max_vx 32.04
ep  1445  steps  168817  R    1567.45  len   74  laps 0  max_vx 27.36
ep  1446  steps  168892  R    1620.39  len   75  laps 0  max_vx 27.42
ep  1447  steps  169017  R    3859.96  len  125  laps 0  max_vx 28.07
ep  1448  steps  169210  R    4510.51  len  193  laps 0  max_vx 31.05
ep  1449  steps  169331  R    2897.35  len  121  laps 0  max_vx 29.01
ep  1450  steps  169483  R    1348.76  len  152  laps 0  max_vx 29.93
  eval  R 1059.65  len 80  max_vx 28.08  laps 0
ep  1451  steps  169605  R    4118.25  len  122  laps 0  max_vx 31.21
ep  1452  steps  169713  R     675.29  len  108  laps 0  max_vx 28.04
ep  1453  steps  169800  R     717.99  len   87  laps 0  max_vx 27.85
ep  1454  steps  169898  R    2325.77  len   98  laps 0  max_vx 28.14
ep  1455  steps  169976  R     598.62  len   78  laps 0  max_vx 26.63
ep  1456  steps  170056  R    1780.33  len   80  laps 0  max_vx 28.86
ep  1457  steps  170178  R    2663.46  len  122  laps 0  max_vx 30.91
ep  1458  steps  170248  R    2176.21  len   70  laps 0  max_vx 26.76
ep  1459  steps  170343  R    2149.10  len   95  laps 0  max_vx 29.11
ep  1460  steps  170424  R    2340.23  len   81  laps 0  max_vx 27.41
ep  1461  steps  170655  R    6358.45  len  231  laps 1  max_vx 32.56
ep  1462  steps  170767  R    2630.06  len  112  laps 0  max_vx 28.22
ep  1463  steps  170843  R     503.40  len   76  laps 0  max_vx 27.20
ep  1464  steps  170976  R    1985.03  len  133  laps 0  max_vx 29.83
ep  1465  steps  171074  R    1293.06  len   98  laps 0  max_vx 27.95
ep  1466  steps  171198  R     728.77  len  124  laps 0  max_vx 28.21
ep  1467  steps  171292  R     936.75  len   94  laps 0  max_vx 28.00
ep  1468  steps  171440  R    2206.25  len  148  laps 0  max_vx 30.18
ep  1469  steps  171511  R     688.89  len   71  laps 0  max_vx 27.52
ep  1470  steps  171656  R    4472.32  len  145  laps 0  max_vx 30.17
ep  1471  steps  171773  R    3284.66  len  117  laps 0  max_vx 28.77
ep  1472  steps  171859  R    2742.65  len   86  laps 0  max_vx 27.88
ep  1473  steps  171952  R    1267.08  len   93  laps 0  max_vx 28.51
ep  1474  steps  172067  R    2979.97  len  115  laps 1  max_vx 28.92
ep  1475  steps  172141  R     874.94  len   74  laps 0  max_vx 27.10
ep  1476  steps  172216  R    2803.04  len   75  laps 0  max_vx 27.64
ep  1477  steps  172296  R     808.69  len   80  laps 0  max_vx 26.95
ep  1478  steps  172431  R    3108.98  len  135  laps 0  max_vx 29.62
ep  1479  steps  172586  R    4605.94  len  155  laps 0  max_vx 31.15
ep  1480  steps  172660  R    1489.13  len   74  laps 0  max_vx 26.82
ep  1481  steps  172757  R    2909.21  len   97  laps 0  max_vx 27.99
ep  1482  steps  172824  R    1798.93  len   67  laps 0  max_vx 27.27
ep  1483  steps  172907  R    1898.40  len   83  laps 0  max_vx 27.79
ep  1484  steps  172983  R     909.40  len   76  laps 0  max_vx 26.98
ep  1485  steps  173057  R     810.75  len   74  laps 0  max_vx 27.14
ep  1486  steps  173149  R     705.24  len   92  laps 0  max_vx 28.27
ep  1487  steps  173424  R    7168.34  len  275  laps 0  max_vx 33.06
ep  1488  steps  173526  R    2385.09  len  102  laps 0  max_vx 27.39
ep  1489  steps  173604  R    1554.42  len   78  laps 0  max_vx 27.19
ep  1490  steps  173734  R    2770.96  len  130  laps 0  max_vx 29.25
ep  1491  steps  173811  R     841.27  len   77  laps 0  max_vx 26.70
ep  1492  steps  173946  R    2000.37  len  135  laps 0  max_vx 29.81
ep  1493  steps  174067  R    1476.75  len  121  laps 0  max_vx 28.82
ep  1494  steps  174179  R    4197.31  len  112  laps 0  max_vx 28.58
ep  1495  steps  174269  R    2815.87  len   90  laps 0  max_vx 28.02
ep  1496  steps  174360  R    1949.88  len   91  laps 0  max_vx 28.54
ep  1497  steps  174538  R    4000.43  len  178  laps 0  max_vx 31.82
ep  1498  steps  174658  R    1323.09  len  120  laps 0  max_vx 29.70
ep  1499  steps  174765  R     992.32  len  107  laps 0  max_vx 27.60
ep  1500  steps  174843  R     791.14  len   78  laps 0  max_vx 26.57
  eval  R 1059.65  len 80  max_vx 28.08  laps 0
ep  1501  steps  175001  R    4164.29  len  158  laps 1  max_vx 31.79
ep  1502  steps  175087  R     799.21  len   86  laps 0  max_vx 27.20
ep  1503  steps  175166  R     770.50  len   79  laps 0  max_vx 27.70
ep  1504  steps  175272  R    2228.09  len  106  laps 0  max_vx 29.68
ep  1505  steps  175402  R    1007.07  len  130  laps 0  max_vx 29.91
ep  1506  steps  175547  R    2416.06  len  145  laps 0  max_vx 29.38
ep  1507  steps  175661  R     611.20  len  114  laps 0  max_vx 28.81
ep  1508  steps  175748  R    1617.78  len   87  laps 0  max_vx 27.55
ep  1509  steps  175831  R    1130.37  len   83  laps 0  max_vx 28.02
ep  1510  steps  176095  R    6976.51  len  264  laps 1  max_vx 33.76
ep  1511  steps  176188  R    1253.58  len   93  laps 0  max_vx 28.54
ep  1512  steps  176287  R    3070.54  len   99  laps 0  max_vx 28.08
ep  1513  steps  176373  R    2515.13  len   86  laps 1  max_vx 26.81
ep  1514  steps  176449  R    1477.70  len   76  laps 0  max_vx 27.00
ep  1515  steps  176587  R    3199.58  len  138  laps 0  max_vx 29.70
ep  1516  steps  176819  R    6953.57  len  232  laps 0  max_vx 33.47
ep  1517  steps  176964  R    1219.73  len  145  laps 0  max_vx 29.64
ep  1518  steps  177044  R    1559.34  len   80  laps 0  max_vx 27.11
ep  1519  steps  177199  R    2623.06  len  155  laps 0  max_vx 31.38
ep  1520  steps  177308  R    3065.81  len  109  laps 0  max_vx 28.16
ep  1521  steps  177402  R    2162.87  len   94  laps 0  max_vx 27.19
ep  1522  steps  177516  R    2659.58  len  114  laps 0  max_vx 29.14
ep  1523  steps  177596  R    2007.62  len   80  laps 0  max_vx 27.01
ep  1524  steps  177691  R     894.40  len   95  laps 0  max_vx 27.05
ep  1525  steps  177790  R    1160.16  len   99  laps 0  max_vx 28.24
ep  1526  steps  177861  R     937.22  len   71  laps 0  max_vx 27.85
ep  1527  steps  177950  R     551.89  len   89  laps 0  max_vx 27.23
ep  1528  steps  178026  R    2639.03  len   76  laps 0  max_vx 27.41
ep  1529  steps  178113  R     470.76  len   87  laps 0  max_vx 27.94
ep  1530  steps  178216  R    3899.51  len  103  laps 0  max_vx 29.59
ep  1531  steps  178373  R    1122.63  len  157  laps 0  max_vx 29.48
ep  1532  steps  178458  R    3311.30  len   85  laps 0  max_vx 27.30
ep  1533  steps  178538  R    1008.30  len   80  laps 0  max_vx 28.30
ep  1534  steps  178679  R    3719.47  len  141  laps 0  max_vx 30.91
ep  1535  steps  178891  R    4729.38  len  212  laps 0  max_vx 32.88
ep  1536  steps  179016  R    2722.72  len  125  laps 0  max_vx 29.54
ep  1537  steps  179128  R    3367.26  len  112  laps 0  max_vx 28.30
ep  1538  steps  179233  R    1276.17  len  105  laps 0  max_vx 28.10
ep  1539  steps  179352  R    2182.09  len  119  laps 0  max_vx 29.57
ep  1540  steps  179461  R    2242.73  len  109  laps 0  max_vx 27.30
ep  1541  steps  179590  R    3602.92  len  129  laps 1  max_vx 29.63
ep  1542  steps  179688  R    1087.52  len   98  laps 0  max_vx 27.15
ep  1543  steps  179830  R    3656.26  len  142  laps 0  max_vx 30.38
ep  1544  steps  179917  R    1522.15  len   87  laps 0  max_vx 27.07
ep  1545  steps  180011  R    1040.82  len   94  laps 0  max_vx 29.12
ep  1546  steps  180092  R     836.77  len   81  laps 0  max_vx 26.61
ep  1547  steps  180175  R    1632.80  len   83  laps 0  max_vx 27.12
ep  1548  steps  180357  R    4607.94  len  182  laps 0  max_vx 33.03
ep  1549  steps  180492  R    3478.62  len  135  laps 0  max_vx 30.18
ep  1550  steps  180619  R    2993.91  len  127  laps 1  max_vx 28.62
  eval  R 1059.65  len 80  max_vx 28.08  laps 0
ep  1551  steps  180735  R    3359.87  len  116  laps 1  max_vx 29.65
ep  1552  steps  180829  R     855.99  len   94  laps 0  max_vx 27.82
ep  1553  steps  180931  R     846.80  len  102  laps 0  max_vx 27.82
ep  1554  steps  181036  R    2598.95  len  105  laps 0  max_vx 28.05
ep  1555  steps  181139  R    3141.49  len  103  laps 1  max_vx 28.54
ep  1556  steps  181217  R    1678.59  len   78  laps 0  max_vx 26.82
ep  1557  steps  181401  R    5104.06  len  184  laps 0  max_vx 30.73
ep  1558  steps  181528  R    3628.70  len  127  laps 0  max_vx 29.08
ep  1559  steps  181783  R    6936.08  len  255  laps 0  max_vx 33.72
ep  1560  steps  181889  R    1877.07  len  106  laps 0  max_vx 28.76
ep  1561  steps  181997  R    1866.97  len  108  laps 0  max_vx 28.30
ep  1562  steps  182105  R    3768.37  len  108  laps 0  max_vx 29.01
ep  1563  steps  182319  R    4865.97  len  214  laps 0  max_vx 31.67
ep  1564  steps  182401  R     527.62  len   82  laps 0  max_vx 28.01
ep  1565  steps  182487  R     746.65  len   86  laps 0  max_vx 27.38
ep  1566  steps  182618  R    1629.66  len  131  laps 0  max_vx 29.30
ep  1567  steps  182748  R    1653.18  len  130  laps 0  max_vx 27.88
ep  1568  steps  182853  R    2653.81  len  105  laps 0  max_vx 28.56
ep  1569  steps  182945  R     781.10  len   92  laps 0  max_vx 28.31
ep  1570  steps  183002  R    1741.57  len   57  laps 0  max_vx 26.24
ep  1571  steps  183095  R    1697.83  len   93  laps 0  max_vx 28.07
ep  1572  steps  183253  R    3278.65  len  158  laps 0  max_vx 30.22
ep  1573  steps  183344  R    1430.20  len   91  laps 0  max_vx 28.53
ep  1574  steps  183437  R    1527.11  len   93  laps 0  max_vx 28.42
ep  1575  steps  183691  R    5621.58  len  254  laps 0  max_vx 33.54
ep  1576  steps  183817  R    4851.63  len  126  laps 0  max_vx 28.91
ep  1577  steps  183904  R    1283.29  len   87  laps 0  max_vx 28.11
ep  1578  steps  183995  R    2444.73  len   91  laps 0  max_vx 28.96
ep  1579  steps  184153  R    4544.57  len  158  laps 0  max_vx 30.06
ep  1580  steps  184238  R     599.01  len   85  laps 0  max_vx 27.43
ep  1581  steps  184368  R    3525.83  len  130  laps 0  max_vx 30.18
ep  1582  steps  184482  R    1773.69  len  114  laps 0  max_vx 29.65
ep  1583  steps  184701  R    5981.31  len  219  laps 0  max_vx 32.33
ep  1584  steps  184933  R    5929.11  len  232  laps 0  max_vx 32.70
ep  1585  steps  185074  R    3836.53  len  141  laps 0  max_vx 29.85
ep  1586  steps  185155  R    2259.34  len   81  laps 1  max_vx 27.25
ep  1587  steps  185335  R    5067.47  len  180  laps 0  max_vx 31.56
ep  1588  steps  185433  R    1136.22  len   98  laps 0  max_vx 27.88
ep  1589  steps  185554  R    2897.62  len  121  laps 0  max_vx 28.98
ep  1590  steps  185655  R    2700.26  len  101  laps 0  max_vx 27.77
ep  1591  steps  185745  R    2697.48  len   90  laps 1  max_vx 27.93
ep  1592  steps  185835  R    1272.73  len   90  laps 0  max_vx 28.16
ep  1593  steps  185925  R    2720.42  len   90  laps 0  max_vx 27.77
ep  1594  steps  186035  R    1517.63  len  110  laps 0  max_vx 29.22
ep  1595  steps  186124  R    1298.73  len   89  laps 0  max_vx 28.72
ep  1596  steps  186242  R    1178.04  len  118  laps 0  max_vx 28.93
ep  1597  steps  186372  R    4257.22  len  130  laps 0  max_vx 29.08
ep  1598  steps  186462  R    2671.09  len   90  laps 0  max_vx 27.38
ep  1599  steps  186538  R     839.13  len   76  laps 0  max_vx 27.66
ep  1600  steps  186726  R    6626.07  len  188  laps 0  max_vx 32.21
  eval  R 1059.65  len 80  max_vx 28.08  laps 0
ep  1601  steps  186851  R    3198.98  len  125  laps 0  max_vx 29.68
ep  1602  steps  187069  R    3664.00  len  218  laps 0  max_vx 32.62
ep  1603  steps  187197  R    2171.54  len  128  laps 0  max_vx 30.68
ep  1604  steps  187256  R    1874.13  len   59  laps 0  max_vx 26.30
ep  1605  steps  187350  R    1401.07  len   94  laps 0  max_vx 29.77
ep  1606  steps  187427  R     738.01  len   77  laps 0  max_vx 27.37
ep  1607  steps  187595  R    3943.42  len  168  laps 0  max_vx 31.29
ep  1608  steps  187690  R    2219.69  len   95  laps 0  max_vx 27.29
ep  1609  steps  187901  R    6814.18  len  211  laps 0  max_vx 32.08
ep  1610  steps  187989  R     958.10  len   88  laps 0  max_vx 27.91
ep  1611  steps  188088  R    2534.56  len   99  laps 0  max_vx 27.63
ep  1612  steps  188162  R    1353.44  len   74  laps 0  max_vx 27.73
ep  1613  steps  188239  R     901.96  len   77  laps 0  max_vx 28.03
ep  1614  steps  188390  R    2253.11  len  151  laps 0  max_vx 29.77
ep  1615  steps  188457  R    1554.72  len   67  laps 0  max_vx 26.31
ep  1616  steps  188682  R    5527.42  len  225  laps 0  max_vx 34.43
ep  1617  steps  188754  R     763.04  len   72  laps 0  max_vx 26.71
ep  1618  steps  188825  R     695.84  len   71  laps 0  max_vx 27.52
ep  1619  steps  188975  R    3847.42  len  150  laps 0  max_vx 31.41
ep  1620  steps  189105  R    3127.83  len  130  laps 0  max_vx 30.06
ep  1621  steps  189189  R     724.87  len   84  laps 0  max_vx 27.80
ep  1622  steps  189281  R    1372.83  len   92  laps 0  max_vx 27.87
ep  1623  steps  189387  R    2975.65  len  106  laps 0  max_vx 29.27
ep  1624  steps  189510  R    2894.75  len  123  laps 0  max_vx 28.71
ep  1625  steps  189719  R    5135.78  len  209  laps 0  max_vx 34.05
ep  1626  steps  189810  R    1872.34  len   91  laps 0  max_vx 27.14
ep  1627  steps  189907  R    1113.46  len   97  laps 0  max_vx 28.13
ep  1628  steps  190011  R    1648.71  len  104  laps 0  max_vx 28.46
ep  1629  steps  190156  R    3379.17  len  145  laps 0  max_vx 29.97
ep  1630  steps  190242  R    2578.66  len   86  laps 0  max_vx 27.99
ep  1631  steps  190313  R    2759.14  len   71  laps 0  max_vx 26.86
ep  1632  steps  190412  R    2105.56  len   99  laps 0  max_vx 27.89
ep  1633  steps  190533  R    3863.99  len  121  laps 0  max_vx 29.41
ep  1634  steps  190613  R    1294.02  len   80  laps 0  max_vx 27.22
ep  1635  steps  190724  R    2239.63  len  111  laps 0  max_vx 29.49
ep  1636  steps  190794  R     743.46  len   70  laps 0  max_vx 26.80
ep  1637  steps  190947  R    3992.99  len  153  laps 0  max_vx 30.65
ep  1638  steps  191031  R    1898.99  len   84  laps 0  max_vx 27.18
ep  1639  steps  191289  R    3873.20  len  258  laps 0  max_vx 32.81
ep  1640  steps  191404  R    4451.63  len  115  laps 0  max_vx 28.01
ep  1641  steps  191685  R    7178.02  len  281  laps 0  max_vx 33.20
ep  1642  steps  191758  R    1552.75  len   73  laps 0  max_vx 27.14
ep  1643  steps  191926  R    5253.62  len  168  laps 0  max_vx 31.79
ep  1644  steps  192085  R    3543.78  len  159  laps 0  max_vx 30.91
ep  1645  steps  192177  R    3466.34  len   92  laps 0  max_vx 28.68
ep  1646  steps  192287  R    4008.11  len  110  laps 0  max_vx 30.22
ep  1647  steps  192383  R    1864.69  len   96  laps 0  max_vx 26.89
ep  1648  steps  192462  R    1465.88  len   79  laps 0  max_vx 27.17
ep  1649  steps  192562  R    1890.22  len  100  laps 0  max_vx 28.22
ep  1650  steps  192648  R    1544.80  len   86  laps 0  max_vx 27.20
  eval  R 1059.65  len 80  max_vx 28.08  laps 0
ep  1651  steps  192746  R    1680.99  len   98  laps 0  max_vx 28.25
ep  1652  steps  192835  R    2830.48  len   89  laps 0  max_vx 27.31
ep  1653  steps  192929  R    3145.24  len   94  laps 0  max_vx 27.83
ep  1654  steps  193041  R    1704.56  len  112  laps 0  max_vx 28.74
ep  1655  steps  193112  R    1387.99  len   71  laps 0  max_vx 26.84
ep  1656  steps  193232  R    2144.74  len  120  laps 0  max_vx 29.12
ep  1657  steps  193346  R    2117.25  len  114  laps 0  max_vx 30.51
ep  1658  steps  193476  R    4190.09  len  130  laps 1  max_vx 28.80
ep  1659  steps  193552  R     749.30  len   76  laps 0  max_vx 27.79
ep  1660  steps  193685  R    4100.51  len  133  laps 0  max_vx 29.89
ep  1661  steps  193808  R    4261.53  len  123  laps 0  max_vx 30.94
ep  1662  steps  193935  R     874.85  len  127  laps 0  max_vx 27.80
ep  1663  steps  194003  R    2530.96  len   68  laps 0  max_vx 27.67
ep  1664  steps  194122  R    1216.04  len  119  laps 0  max_vx 28.81
ep  1665  steps  194208  R     869.84  len   86  laps 0  max_vx 27.26
ep  1666  steps  194300  R     972.94  len   92  laps 0  max_vx 28.50
ep  1667  steps  194406  R    4327.96  len  106  laps 0  max_vx 28.00
ep  1668  steps  194488  R    2895.98  len   82  laps 0  max_vx 26.80
ep  1669  steps  194561  R     795.94  len   73  laps 0  max_vx 27.42
ep  1670  steps  194650  R    1791.13  len   89  laps 0  max_vx 29.25
ep  1671  steps  194739  R    2193.45  len   89  laps 1  max_vx 27.99
ep  1672  steps  194862  R    3196.18  len  123  laps 0  max_vx 29.64
ep  1673  steps  194945  R     643.67  len   83  laps 0  max_vx 27.80
ep  1674  steps  195029  R    2069.33  len   84  laps 0  max_vx 28.43
ep  1675  steps  195098  R    2395.52  len   69  laps 0  max_vx 26.89
ep  1676  steps  195212  R    2995.14  len  114  laps 0  max_vx 30.40
ep  1677  steps  195313  R    2226.71  len  101  laps 0  max_vx 28.78
ep  1678  steps  195386  R     711.81  len   73  laps 0  max_vx 27.58
ep  1679  steps  195451  R    2343.43  len   65  laps 0  max_vx 26.76
ep  1680  steps  195601  R    1427.65  len  150  laps 0  max_vx 28.45
ep  1681  steps  195739  R    4148.51  len  138  laps 0  max_vx 30.61
ep  1682  steps  195821  R     474.53  len   82  laps 0  max_vx 27.53
ep  1683  steps  195896  R    2286.50  len   75  laps 0  max_vx 28.02
ep  1684  steps  196033  R    1876.24  len  137  laps 0  max_vx 29.06
ep  1685  steps  196300  R   11460.32  len  267  laps 1  max_vx 32.95
ep  1686  steps  196402  R    2175.46  len  102  laps 0  max_vx 29.59
ep  1687  steps  196609  R    6203.14  len  207  laps 0  max_vx 33.73
ep  1688  steps  196681  R    2644.21  len   72  laps 0  max_vx 27.60
ep  1689  steps  196810  R    1268.31  len  129  laps 0  max_vx 28.49
ep  1690  steps  196911  R    1900.55  len  101  laps 0  max_vx 28.68
ep  1691  steps  196988  R     789.83  len   77  laps 0  max_vx 27.25
ep  1692  steps  197066  R     895.52  len   78  laps 0  max_vx 27.63
ep  1693  steps  197171  R     385.38  len  105  laps 0  max_vx 29.16
ep  1694  steps  197282  R    1163.30  len  111  laps 0  max_vx 29.01
ep  1695  steps  197365  R    1765.98  len   83  laps 0  max_vx 27.60
ep  1696  steps  197539  R    3182.52  len  174  laps 0  max_vx 34.11
ep  1697  steps  197706  R    3919.41  len  167  laps 0  max_vx 31.26
ep  1698  steps  197879  R    3737.80  len  173  laps 0  max_vx 29.96
ep  1699  steps  197959  R     850.43  len   80  laps 0  max_vx 27.95
ep  1700  steps  198031  R    2052.53  len   72  laps 0  max_vx 27.07
  eval  R 1059.65  len 80  max_vx 28.08  laps 0
ep  1701  steps  198119  R    1205.30  len   88  laps 0  max_vx 27.60
ep  1702  steps  198218  R    2187.35  len   99  laps 0  max_vx 27.51
ep  1703  steps  198291  R    2497.46  len   73  laps 0  max_vx 27.37
ep  1704  steps  198483  R    5465.38  len  192  laps 0  max_vx 30.33
ep  1705  steps  198553  R     799.03  len   70  laps 0  max_vx 26.27
ep  1706  steps  198626  R    1580.53  len   73  laps 0  max_vx 29.02
ep  1707  steps  198764  R    3109.92  len  138  laps 0  max_vx 30.08
ep  1708  steps  198849  R    1215.42  len   85  laps 0  max_vx 27.78
ep  1709  steps  198936  R     690.06  len   87  laps 0  max_vx 28.33
ep  1710  steps  199103  R    5432.34  len  167  laps 0  max_vx 29.96
ep  1711  steps  199186  R    1941.50  len   83  laps 0  max_vx 26.90
ep  1712  steps  199289  R    2948.70  len  103  laps 0  max_vx 28.33
ep  1713  steps  199382  R     597.91  len   93  laps 0  max_vx 28.45
ep  1714  steps  199518  R    5191.55  len  136  laps 1  max_vx 32.35
ep  1715  steps  199609  R     806.74  len   91  laps 0  max_vx 27.69
ep  1716  steps  199730  R    2604.89  len  121  laps 0  max_vx 29.55
ep  1717  steps  199808  R     861.69  len   78  laps 0  max_vx 28.15
ep  1718  steps  199886  R    1516.05  len   78  laps 0  max_vx 26.86
ep  1719  steps  200036  R    4102.43  len  150  laps 1  max_vx 30.64
ep  1720  steps  200137  R    1345.33  len  101  laps 0  max_vx 28.35
ep  1721  steps  200228  R    2224.81  len   91  laps 1  max_vx 27.95
ep  1722  steps  200304  R    2163.79  len   76  laps 0  max_vx 27.30
ep  1723  steps  200365  R    1578.68  len   61  laps 0  max_vx 26.78
ep  1724  steps  200492  R    2296.64  len  127  laps 0  max_vx 29.87
ep  1725  steps  200584  R    2531.65  len   92  laps 0  max_vx 27.60
ep  1726  steps  200684  R    1988.29  len  100  laps 0  max_vx 27.04
ep  1727  steps  200769  R    1250.14  len   85  laps 0  max_vx 28.11
ep  1728  steps  200876  R     783.64  len  107  laps 0  max_vx 28.67
ep  1729  steps  200967  R    3286.05  len   91  laps 0  max_vx 27.60
ep  1730  steps  201158  R    5333.40  len  191  laps 0  max_vx 32.03
ep  1731  steps  201265  R    1329.62  len  107  laps 0  max_vx 28.70
ep  1732  steps  201327  R    2146.61  len   62  laps 0  max_vx 26.34
ep  1733  steps  201414  R     787.42  len   87  laps 0  max_vx 27.16
ep  1734  steps  201513  R     528.36  len   99  laps 0  max_vx 27.82
ep  1735  steps  201620  R    3736.10  len  107  laps 0  max_vx 27.91
ep  1736  steps  201758  R    2809.70  len  138  laps 0  max_vx 29.84
ep  1737  steps  201911  R    3704.69  len  153  laps 0  max_vx 30.27
ep  1738  steps  201993  R    2034.49  len   82  laps 1  max_vx 27.50
ep  1739  steps  202128  R    1616.55  len  135  laps 0  max_vx 30.04
ep  1740  steps  202256  R    2557.97  len  128  laps 0  max_vx 28.85
ep  1741  steps  202450  R    5514.40  len  194  laps 0  max_vx 33.88
ep  1742  steps  202567  R    3642.95  len  117  laps 0  max_vx 29.24
ep  1743  steps  202641  R    2018.82  len   74  laps 0  max_vx 26.97
ep  1744  steps  202825  R     399.04  len  184  laps 0  max_vx 32.11
ep  1745  steps  202922  R    1362.09  len   97  laps 0  max_vx 28.42
ep  1746  steps  203106  R    6313.41  len  184  laps 0  max_vx 31.17
ep  1747  steps  203198  R    1986.23  len   92  laps 0  max_vx 26.90
ep  1748  steps  203309  R    2253.49  len  111  laps 0  max_vx 28.54
ep  1749  steps  203436  R    4303.48  len  127  laps 0  max_vx 30.09
ep  1750  steps  203609  R    5414.97  len  173  laps 0  max_vx 32.37
  eval  R 1059.65  len 80  max_vx 28.08  laps 0
ep  1751  steps  203702  R    1356.50  len   93  laps 0  max_vx 29.10
ep  1752  steps  203813  R    2209.83  len  111  laps 0  max_vx 29.02
ep  1753  steps  203952  R    6188.70  len  139  laps 0  max_vx 28.55
ep  1754  steps  204029  R     438.70  len   77  laps 0  max_vx 27.68
ep  1755  steps  204168  R    5173.25  len  139  laps 0  max_vx 32.08
ep  1756  steps  204255  R    2001.77  len   87  laps 0  max_vx 27.54
ep  1757  steps  204363  R    1896.03  len  108  laps 0  max_vx 29.16
ep  1758  steps  204465  R    2498.82  len  102  laps 0  max_vx 30.18
ep  1759  steps  204585  R    1810.18  len  120  laps 0  max_vx 29.18
ep  1760  steps  204701  R    3876.35  len  116  laps 0  max_vx 29.76
ep  1761  steps  204774  R     513.98  len   73  laps 0  max_vx 26.90
ep  1762  steps  204875  R    1175.56  len  101  laps 0  max_vx 27.89
ep  1763  steps  204975  R    2068.46  len  100  laps 0  max_vx 30.67
ep  1764  steps  205059  R    2723.05  len   84  laps 0  max_vx 27.04
ep  1765  steps  205155  R    3160.95  len   96  laps 0  max_vx 26.94
ep  1766  steps  205264  R    2947.04  len  109  laps 0  max_vx 28.50
ep  1767  steps  205330  R    1335.31  len   66  laps 0  max_vx 27.09
ep  1768  steps  205416  R    1092.28  len   86  laps 0  max_vx 28.65
ep  1769  steps  205559  R    4005.77  len  143  laps 0  max_vx 30.02
ep  1770  steps  205646  R    2563.87  len   87  laps 0  max_vx 27.44
ep  1771  steps  205852  R    4519.74  len  206  laps 0  max_vx 31.37
ep  1772  steps  205977  R    3599.63  len  125  laps 0  max_vx 29.96
ep  1773  steps  206081  R     861.45  len  104  laps 0  max_vx 28.28
ep  1774  steps  206164  R     855.24  len   83  laps 0  max_vx 28.42
ep  1775  steps  206241  R     648.74  len   77  laps 0  max_vx 27.37
ep  1776  steps  206382  R    1948.25  len  141  laps 0  max_vx 30.54
ep  1777  steps  206455  R     830.71  len   73  laps 0  max_vx 27.35
ep  1778  steps  206522  R    2433.83  len   67  laps 0  max_vx 27.10
ep  1779  steps  206713  R    4981.29  len  191  laps 0  max_vx 31.13
ep  1780  steps  206824  R    1594.17  len  111  laps 0  max_vx 28.64
ep  1781  steps  206938  R    4685.45  len  114  laps 0  max_vx 28.39
ep  1782  steps  207022  R    2052.78  len   84  laps 0  max_vx 27.93
ep  1783  steps  207100  R    1000.91  len   78  laps 0  max_vx 28.07
ep  1784  steps  207216  R    4205.63  len  116  laps 0  max_vx 28.09
ep  1785  steps  207346  R     770.71  len  130  laps 0  max_vx 29.16
ep  1786  steps  207415  R    2534.51  len   69  laps 0  max_vx 26.87
ep  1787  steps  207665  R    5763.43  len  250  laps 0  max_vx 33.78
ep  1788  steps  207790  R    2543.87  len  125  laps 0  max_vx 29.52
ep  1789  steps  207880  R    1462.04  len   90  laps 0  max_vx 28.88
ep  1790  steps  207972  R     344.10  len   92  laps 0  max_vx 27.40
ep  1791  steps  208084  R    2435.27  len  112  laps 0  max_vx 29.13
ep  1792  steps  208222  R    4516.06  len  138  laps 0  max_vx 30.18
ep  1793  steps  208302  R     861.66  len   80  laps 0  max_vx 27.52
ep  1794  steps  208381  R     977.00  len   79  laps 0  max_vx 28.07
ep  1795  steps  208448  R    1263.30  len   67  laps 0  max_vx 28.08
ep  1796  steps  208525  R    2368.22  len   77  laps 0  max_vx 27.25
ep  1797  steps  208682  R    2003.30  len  157  laps 0  max_vx 30.18
ep  1798  steps  208776  R    2667.56  len   94  laps 0  max_vx 27.97
ep  1799  steps  208855  R     450.61  len   79  laps 0  max_vx 27.01
ep  1800  steps  208957  R    1545.19  len  102  laps 0  max_vx 28.75
  eval  R 1059.65  len 80  max_vx 28.08  laps 0
ep  1801  steps  209338  R    5632.18  len  381  laps 1  max_vx 33.15
ep  1802  steps  209467  R    2699.20  len  129  laps 0  max_vx 28.91
ep  1803  steps  209581  R    4008.47  len  114  laps 1  max_vx 30.05
ep  1804  steps  209678  R    1675.95  len   97  laps 0  max_vx 29.37
ep  1805  steps  209811  R    1839.69  len  133  laps 0  max_vx 29.84
ep  1806  steps  209983  R    3620.58  len  172  laps 0  max_vx 32.51
ep  1807  steps  210198  R    7148.36  len  215  laps 0  max_vx 32.57
ep  1808  steps  210267  R    2279.07  len   69  laps 0  max_vx 26.61
ep  1809  steps  210369  R    2243.75  len  102  laps 0  max_vx 28.53
ep  1810  steps  210486  R    1345.31  len  117  laps 0  max_vx 28.42
ep  1811  steps  210572  R    3251.09  len   86  laps 0  max_vx 27.77
ep  1812  steps  210667  R    1150.01  len   95  laps 0  max_vx 27.90
ep  1813  steps  210794  R    2369.46  len  127  laps 0  max_vx 28.30
ep  1814  steps  210849  R    1776.99  len   55  laps 0  max_vx 26.64
ep  1815  steps  211015  R    2864.97  len  166  laps 0  max_vx 31.12
ep  1816  steps  211119  R    1798.13  len  104  laps 0  max_vx 28.67
ep  1817  steps  211228  R    1075.08  len  109  laps 0  max_vx 28.62
ep  1818  steps  211350  R    1024.09  len  122  laps 0  max_vx 28.25
ep  1819  steps  211472  R    2250.91  len  122  laps 0  max_vx 27.63
ep  1820  steps  211548  R     460.35  len   76  laps 0  max_vx 27.39
ep  1821  steps  211699  R    4759.94  len  151  laps 0  max_vx 29.05
ep  1822  steps  211774  R    1730.06  len   75  laps 0  max_vx 27.71
ep  1823  steps  211837  R    1580.12  len   63  laps 0  max_vx 27.11
ep  1824  steps  211917  R    1048.17  len   80  laps 0  max_vx 27.81
ep  1825  steps  212059  R    1607.54  len  142  laps 0  max_vx 29.76
ep  1826  steps  212139  R     691.80  len   80  laps 0  max_vx 27.31
ep  1827  steps  212246  R    1585.84  len  107  laps 0  max_vx 27.67
ep  1828  steps  212323  R     877.62  len   77  laps 0  max_vx 27.15
ep  1829  steps  212382  R    1964.76  len   59  laps 0  max_vx 26.91
ep  1830  steps  212468  R     984.16  len   86  laps 0  max_vx 27.36
ep  1831  steps  212625  R    4189.96  len  157  laps 0  max_vx 30.13
ep  1832  steps  212748  R    3853.62  len  123  laps 0  max_vx 28.70
ep  1833  steps  212874  R    2966.13  len  126  laps 0  max_vx 30.68
ep  1834  steps  212947  R    1524.56  len   73  laps 0  max_vx 27.25
ep  1835  steps  213075  R    3003.68  len  128  laps 0  max_vx 30.14
ep  1836  steps  213304  R    6404.08  len  229  laps 0  max_vx 33.90
ep  1837  steps  213408  R    2610.67  len  104  laps 1  max_vx 28.55
ep  1838  steps  213549  R     535.08  len  141  laps 0  max_vx 30.51
ep  1839  steps  213680  R    2516.11  len  131  laps 0  max_vx 30.55
ep  1840  steps  213761  R    1711.00  len   81  laps 0  max_vx 26.58
ep  1841  steps  213845  R    1130.51  len   84  laps 0  max_vx 28.14
ep  1842  steps  213936  R     322.09  len   91  laps 0  max_vx 27.92
ep  1843  steps  214037  R    1817.81  len  101  laps 0  max_vx 28.06
ep  1844  steps  214121  R    1126.05  len   84  laps 0  max_vx 28.08
ep  1845  steps  214353  R    4592.65  len  232  laps 0  max_vx 34.08
ep  1846  steps  214494  R    5460.28  len  141  laps 0  max_vx 29.84
ep  1847  steps  214578  R    3009.93  len   84  laps 0  max_vx 26.22
ep  1848  steps  214678  R    1550.26  len  100  laps 0  max_vx 28.49
ep  1849  steps  214783  R    1171.63  len  105  laps 0  max_vx 28.61
ep  1850  steps  214917  R    1235.37  len  134  laps 0  max_vx 30.06
  eval  R 1059.65  len 80  max_vx 28.08  laps 0
ep  1851  steps  215041  R    2146.83  len  124  laps 0  max_vx 29.51
ep  1852  steps  215120  R    1686.54  len   79  laps 0  max_vx 28.02
ep  1853  steps  215192  R    1476.04  len   72  laps 0  max_vx 26.53
ep  1854  steps  215332  R    1799.48  len  140  laps 0  max_vx 28.99
ep  1855  steps  215405  R    1769.24  len   73  laps 0  max_vx 26.53
ep  1856  steps  215498  R     652.46  len   93  laps 0  max_vx 27.78
ep  1857  steps  215619  R    2356.86  len  121  laps 0  max_vx 28.94
ep  1858  steps  215821  R    4813.36  len  202  laps 0  max_vx 32.88
ep  1859  steps  215893  R     405.21  len   72  laps 0  max_vx 26.87
ep  1860  steps  216014  R    5209.34  len  121  laps 0  max_vx 29.05
ep  1861  steps  216278  R    6802.76  len  264  laps 0  max_vx 35.49
ep  1862  steps  216366  R     780.30  len   88  laps 0  max_vx 27.18
ep  1863  steps  216452  R    3274.19  len   86  laps 0  max_vx 27.66
ep  1864  steps  216531  R     981.93  len   79  laps 0  max_vx 28.11
ep  1865  steps  216693  R    3622.73  len  162  laps 1  max_vx 30.55
ep  1866  steps  216823  R    2960.76  len  130  laps 0  max_vx 29.99
ep  1867  steps  216912  R    1123.15  len   89  laps 0  max_vx 28.01
ep  1868  steps  217012  R    3192.80  len  100  laps 0  max_vx 28.37
ep  1869  steps  217092  R     905.62  len   80  laps 0  max_vx 28.11
ep  1870  steps  217170  R     834.87  len   78  laps 0  max_vx 27.38
ep  1871  steps  217310  R    1730.08  len  140  laps 0  max_vx 28.69
ep  1872  steps  217435  R    4508.75  len  125  laps 0  max_vx 28.42
ep  1873  steps  217552  R    3971.81  len  117  laps 1  max_vx 28.80
ep  1874  steps  217648  R     505.70  len   96  laps 0  max_vx 27.54
ep  1875  steps  217835  R    5233.19  len  187  laps 0  max_vx 31.05
ep  1876  steps  217961  R    1429.08  len  126  laps 0  max_vx 27.87
ep  1877  steps  218065  R    3595.09  len  104  laps 0  max_vx 28.37
ep  1878  steps  218164  R    2455.56  len   99  laps 0  max_vx 27.70
ep  1879  steps  218243  R    1649.76  len   79  laps 0  max_vx 25.61
ep  1880  steps  218327  R     719.10  len   84  laps 0  max_vx 26.89
ep  1881  steps  218421  R    1339.72  len   94  laps 0  max_vx 27.40
ep  1882  steps  218500  R     990.51  len   79  laps 0  max_vx 27.14
ep  1883  steps  218620  R    4218.47  len  120  laps 1  max_vx 28.87
ep  1884  steps  218721  R    3434.65  len  101  laps 0  max_vx 27.49
ep  1885  steps  218994  R    4636.64  len  273  laps 0  max_vx 32.97
ep  1886  steps  219098  R    2193.83  len  104  laps 0  max_vx 28.26
ep  1887  steps  219281  R    6180.37  len  183  laps 0  max_vx 32.88
ep  1888  steps  219378  R    2008.77  len   97  laps 0  max_vx 27.49
ep  1889  steps  219469  R    1694.04  len   91  laps 0  max_vx 27.02
ep  1890  steps  219633  R    5144.39  len  164  laps 1  max_vx 31.27
ep  1891  steps  219715  R     511.86  len   82  laps 0  max_vx 27.49
ep  1892  steps  219807  R     849.11  len   92  laps 0  max_vx 27.78
ep  1893  steps  220019  R    6612.87  len  212  laps 0  max_vx 32.70
ep  1894  steps  220211  R    4459.41  len  192  laps 0  max_vx 35.54
ep  1895  steps  220341  R    3935.26  len  130  laps 0  max_vx 29.53
ep  1896  steps  220436  R     470.07  len   95  laps 0  max_vx 27.41
ep  1897  steps  220531  R     852.24  len   95  laps 0  max_vx 27.65
ep  1898  steps  220619  R    1864.28  len   88  laps 0  max_vx 27.10
ep  1899  steps  220688  R    1352.30  len   69  laps 0  max_vx 27.08
ep  1900  steps  220872  R    2766.77  len  184  laps 0  max_vx 31.65
  eval  R 1059.65  len 80  max_vx 28.08  laps 0
ep  1901  steps  220953  R     927.20  len   81  laps 0  max_vx 27.47
ep  1902  steps  221074  R    2225.10  len  121  laps 0  max_vx 29.22
ep  1903  steps  221162  R     760.91  len   88  laps 0  max_vx 26.96
ep  1904  steps  221283  R    5508.46  len  121  laps 0  max_vx 29.57
ep  1905  steps  221425  R    2900.05  len  142  laps 0  max_vx 29.37
ep  1906  steps  221546  R    2563.05  len  121  laps 0  max_vx 28.39
ep  1907  steps  221649  R    2633.33  len  103  laps 0  max_vx 29.17
ep  1908  steps  221724  R     723.43  len   75  laps 0  max_vx 27.67
ep  1909  steps  221796  R    1706.29  len   72  laps 0  max_vx 27.15
ep  1910  steps  221881  R    1046.94  len   85  laps 0  max_vx 26.96
ep  1911  steps  221960  R    2198.01  len   79  laps 0  max_vx 28.71
ep  1912  steps  222096  R    3784.49  len  136  laps 1  max_vx 28.75
ep  1913  steps  222319  R    5413.63  len  223  laps 0  max_vx 32.32
ep  1914  steps  222426  R    1845.71  len  107  laps 0  max_vx 28.51
ep  1915  steps  222547  R    3808.24  len  121  laps 0  max_vx 28.47
ep  1916  steps  222629  R     545.71  len   82  laps 0  max_vx 26.88
ep  1917  steps  222708  R    1057.74  len   79  laps 0  max_vx 27.24
ep  1918  steps  222791  R    1463.32  len   83  laps 0  max_vx 27.23
ep  1919  steps  222875  R    2602.79  len   84  laps 0  max_vx 28.05
ep  1920  steps  223011  R    2375.02  len  136  laps 0  max_vx 29.26
ep  1921  steps  223123  R    2096.07  len  112  laps 0  max_vx 30.77
ep  1922  steps  223254  R    1497.20  len  131  laps 0  max_vx 29.43
ep  1923  steps  223320  R    1384.08  len   66  laps 0  max_vx 26.87
ep  1924  steps  223402  R    2126.58  len   82  laps 1  max_vx 27.53
ep  1925  steps  223490  R     837.83  len   88  laps 0  max_vx 27.79
ep  1926  steps  223611  R    1244.72  len  121  laps 0  max_vx 30.58
ep  1927  steps  223791  R    4207.07  len  180  laps 0  max_vx 31.60
ep  1928  steps  223936  R    4368.32  len  145  laps 0  max_vx 30.45
ep  1929  steps  224022  R    1098.66  len   86  laps 0  max_vx 27.19
ep  1930  steps  224113  R    2080.26  len   91  laps 0  max_vx 27.86
ep  1931  steps  224205  R    2271.22  len   92  laps 1  max_vx 27.63
ep  1932  steps  224496  R    7406.58  len  291  laps 0  max_vx 35.25
ep  1933  steps  224568  R    2468.66  len   72  laps 0  max_vx 27.46
ep  1934  steps  224703  R     757.31  len  135  laps 0  max_vx 28.24
ep  1935  steps  224843  R    3519.44  len  140  laps 0  max_vx 28.80
ep  1936  steps  224922  R     509.96  len   79  laps 0  max_vx 27.17
ep  1937  steps  225043  R    2772.61  len  121  laps 0  max_vx 29.08
ep  1938  steps  225212  R    4376.68  len  169  laps 0  max_vx 29.85
ep  1939  steps  225363  R    3660.15  len  151  laps 0  max_vx 30.21
ep  1940  steps  225453  R    1265.84  len   90  laps 0  max_vx 28.82
ep  1941  steps  225546  R    1741.19  len   93  laps 0  max_vx 30.13
ep  1942  steps  225701  R    3520.44  len  155  laps 0  max_vx 31.04
ep  1943  steps  225772  R     929.59  len   71  laps 0  max_vx 27.50
ep  1944  steps  225863  R     673.76  len   91  laps 0  max_vx 28.37
ep  1945  steps  226013  R    3539.13  len  150  laps 0  max_vx 28.88
ep  1946  steps  226246  R    5852.42  len  233  laps 0  max_vx 36.11
ep  1947  steps  226372  R    3456.88  len  126  laps 0  max_vx 29.25
ep  1948  steps  226467  R    2843.59  len   95  laps 1  max_vx 27.56
ep  1949  steps  226557  R    2751.51  len   90  laps 1  max_vx 29.07
ep  1950  steps  226755  R    6826.14  len  198  laps 0  max_vx 31.97
  eval  R 1059.65  len 80  max_vx 28.08  laps 0
ep  1951  steps  226886  R    3724.96  len  131  laps 0  max_vx 28.36
ep  1952  steps  226956  R    2318.42  len   70  laps 0  max_vx 26.31
ep  1953  steps  227098  R    2632.46  len  142  laps 0  max_vx 29.62
ep  1954  steps  227344  R    6964.45  len  246  laps 1  max_vx 33.84
ep  1955  steps  227433  R    1044.88  len   89  laps 0  max_vx 27.71
ep  1956  steps  227579  R    3653.43  len  146  laps 1  max_vx 30.16
ep  1957  steps  227660  R    1024.41  len   81  laps 0  max_vx 27.30
ep  1958  steps  227720  R    1386.60  len   60  laps 0  max_vx 27.76
ep  1959  steps  227840  R    1208.18  len  120  laps 0  max_vx 29.35
ep  1960  steps  227910  R    1257.30  len   70  laps 0  max_vx 25.70
ep  1961  steps  228007  R    2095.91  len   97  laps 0  max_vx 28.75
ep  1962  steps  228080  R     614.48  len   73  laps 0  max_vx 26.97
ep  1963  steps  228154  R     532.36  len   74  laps 0  max_vx 28.01
ep  1964  steps  228253  R     913.33  len   99  laps 0  max_vx 28.06
ep  1965  steps  228345  R    1165.27  len   92  laps 0  max_vx 27.13
ep  1966  steps  228420  R    1081.27  len   75  laps 0  max_vx 27.55
ep  1967  steps  228550  R    3149.89  len  130  laps 0  max_vx 29.13
ep  1968  steps  228650  R    1301.17  len  100  laps 0  max_vx 28.14
ep  1969  steps  228760  R    1173.15  len  110  laps 0  max_vx 28.17
ep  1970  steps  228896  R    2381.24  len  136  laps 0  max_vx 29.48
ep  1971  steps  228954  R    1752.62  len   58  laps 0  max_vx 27.64
ep  1972  steps  229034  R    2654.44  len   80  laps 0  max_vx 27.66
ep  1973  steps  229125  R    1253.52  len   91  laps 0  max_vx 27.32
ep  1974  steps  229238  R    3277.99  len  113  laps 1  max_vx 29.47
ep  1975  steps  229346  R    3474.26  len  108  laps 0  max_vx 28.05
ep  1976  steps  229422  R     926.03  len   76  laps 0  max_vx 28.02
ep  1977  steps  229521  R    2884.46  len   99  laps 0  max_vx 27.19
ep  1978  steps  229613  R    1412.60  len   92  laps 0  max_vx 28.10
ep  1979  steps  229708  R    2686.44  len   95  laps 0  max_vx 28.68
ep  1980  steps  229800  R    1477.65  len   92  laps 0  max_vx 29.09
ep  1981  steps  229901  R    1128.57  len  101  laps 0  max_vx 26.58
ep  1982  steps  230051  R    4639.08  len  150  laps 0  max_vx 30.82
ep  1983  steps  230170  R    3007.26  len  119  laps 0  max_vx 28.32
ep  1984  steps  230287  R    2812.05  len  117  laps 0  max_vx 28.03
ep  1985  steps  230433  R    3136.86  len  146  laps 0  max_vx 30.06
ep  1986  steps  230542  R    1720.13  len  109  laps 0  max_vx 28.66
ep  1987  steps  230666  R    2456.05  len  124  laps 0  max_vx 29.04
ep  1988  steps  230809  R    4667.70  len  143  laps 0  max_vx 30.29
ep  1989  steps  231020  R    3302.77  len  211  laps 0  max_vx 32.92
ep  1990  steps  231119  R    2793.74  len   99  laps 0  max_vx 29.53
ep  1991  steps  231199  R    1160.76  len   80  laps 0  max_vx 27.36
ep  1992  steps  231282  R    1024.97  len   83  laps 0  max_vx 28.51
ep  1993  steps  231511  R    7761.10  len  229  laps 0  max_vx 34.18
ep  1994  steps  231611  R     622.82  len  100  laps 0  max_vx 28.03
ep  1995  steps  231720  R    1147.64  len  109  laps 0  max_vx 28.16
ep  1996  steps  231804  R    3086.74  len   84  laps 0  max_vx 27.34
ep  1997  steps  231946  R    4091.26  len  142  laps 0  max_vx 29.96
ep  1998  steps  232030  R    1287.01  len   84  laps 0  max_vx 27.66
ep  1999  steps  232098  R     671.68  len   68  laps 0  max_vx 27.74
ep  2000  steps  232175  R     970.81  len   77  laps 0  max_vx 27.03
  eval  R 1059.65  len 80  max_vx 28.08  laps 0
ep  2001  steps  232236  R    2172.40  len   61  laps 0  max_vx 26.96
ep  2002  steps  232323  R    1197.81  len   87  laps 0  max_vx 28.71
ep  2003  steps  232416  R    2684.71  len   93  laps 0  max_vx 27.63
ep  2004  steps  232525  R    2932.02  len  109  laps 0  max_vx 28.70
ep  2005  steps  232658  R    4466.26  len  133  laps 0  max_vx 31.34
ep  2006  steps  232931  R    5497.52  len  273  laps 0  max_vx 34.63
ep  2007  steps  233085  R    5704.14  len  154  laps 0  max_vx 31.26
ep  2008  steps  233167  R     774.35  len   82  laps 0  max_vx 27.44
ep  2009  steps  233258  R    3303.75  len   91  laps 0  max_vx 27.32
ep  2010  steps  233357  R    3134.71  len   99  laps 0  max_vx 27.34
ep  2011  steps  233646  R    8181.45  len  289  laps 0  max_vx 34.62
ep  2012  steps  233750  R    1407.57  len  104  laps 0  max_vx 28.58
ep  2013  steps  233840  R    1502.90  len   90  laps 0  max_vx 28.39
ep  2014  steps  234072  R    2377.43  len  232  laps 0  max_vx 35.20
ep  2015  steps  234210  R    4473.80  len  138  laps 0  max_vx 32.46
ep  2016  steps  234316  R    1181.64  len  106  laps 0  max_vx 28.55
ep  2017  steps  234400  R    1640.54  len   84  laps 0  max_vx 26.88
ep  2018  steps  234506  R    1977.37  len  106  laps 0  max_vx 27.26
ep  2019  steps  234588  R    1828.93  len   82  laps 0  max_vx 27.54
ep  2020  steps  234762  R    3407.59  len  174  laps 0  max_vx 29.83
ep  2021  steps  234880  R    2273.97  len  118  laps 0  max_vx 28.67
ep  2022  steps  235002  R    2565.49  len  122  laps 0  max_vx 29.14
ep  2023  steps  235172  R    1820.16  len  170  laps 0  max_vx 30.10
ep  2024  steps  235277  R    2473.07  len  105  laps 0  max_vx 28.49
ep  2025  steps  235485  R    4585.83  len  208  laps 0  max_vx 31.22
ep  2026  steps  235844  R    6595.48  len  359  laps 1  max_vx 33.64
ep  2027  steps  235948  R     663.20  len  104  laps 0  max_vx 28.34
ep  2028  steps  236020  R    2439.85  len   72  laps 0  max_vx 27.96
ep  2029  steps  236150  R    3611.24  len  130  laps 0  max_vx 29.53
Traceback (most recent call last):
  File "<frozen runpy>", line 198, in _run_module_as_main
  File "<frozen runpy>", line 88, in _run_code
  File "/Users/ethan/Documents/GitHub/edgar_project/EDGAR/deep_dynamics/rl/scripts/train.py", line 219, in <module>
    raise SystemExit(main())
                     ^^^^^^
  File "/Users/ethan/Documents/GitHub/edgar_project/EDGAR/deep_dynamics/rl/scripts/train.py", line 214, in main
    train(cfg, max_episodes_override=args.max_episodes)
  File "/Users/ethan/Documents/GitHub/edgar_project/EDGAR/deep_dynamics/rl/scripts/train.py", line 125, in train
    action = agent.select_action(obs, deterministic=False)
             ^^^^^^^^^^^^^^^^^^^^^^^^^^^^^^^^^^^^^^^^^^^^^
  File "/Users/ethan/Documents/GitHub/edgar_project/EDGAR/deep_dynamics/rl/agent/sac.py", line 107, in select_action
    a, _ = self.actor(
           ^^^^^^^^^^^
  File "/Users/ethan/Documents/Anaconda/anaconda3/envs/edgar_project/lib/python3.12/site-packages/torch/nn/modules/module.py", line 1779, in _wrapped_call_impl
    return self._call_impl(*args, **kwargs)
           ^^^^^^^^^^^^^^^^^^^^^^^^^^^^^^^^
  File "/Users/ethan/Documents/Anaconda/anaconda3/envs/edgar_project/lib/python3.12/site-packages/torch/nn/modules/module.py", line 1790, in _call_impl
    return forward_call(*args, **kwargs)
           ^^^^^^^^^^^^^^^^^^^^^^^^^^^^^
  File "/Users/ethan/Documents/GitHub/edgar_project/EDGAR/deep_dynamics/rl/agent/networks.py", line 116, in forward
    dist = Normal(mean, std)
           ^^^^^^^^^^^^^^^^^
  File "/Users/ethan/Documents/Anaconda/anaconda3/envs/edgar_project/lib/python3.12/site-packages/torch/distributions/normal.py", line 66, in __init__
    super().__init__(batch_shape, validate_args=validate_args)
  File "/Users/ethan/Documents/Anaconda/anaconda3/envs/edgar_project/lib/python3.12/site-packages/torch/distributions/distribution.py", line 77, in __init__
    raise ValueError(
ValueError: Expected parameter loc (Tensor of shape (1, 2)) of distribution Normal(loc: torch.Size([1, 2]), scale: torch.Size([1, 2])) to satisfy the constraint Real(), but found invalid values:
tensor([[nan, nan]])
